study_ID,author_first,year,extracted,thermal_strategy,taxa,species,species_OTL,origin,setting,age,sex,mean_mass_g,lon,lat,trt_temp,bio_hier,trait,response,response_unit,mass_corrected,disp_trait,disp_unit,measure_time_h,time_lag_days,sample_size,chi,F,t,df,corr_coeff,corr_corrected,dispersal_def,notes,title,ref
1,Arnold,2017,Fig 3,Ectotherm,Invertebrate,Tribolium_castaneum,Tribolium castaneum,lab,indoor lab,Adult,Male,0.002392,,,29.5,Organism,Metabolism,Routine MR,residual CO2 production (ul_CO2_h),y,Exploration,PC1,0.05,0,145,,,,,-0.02766749,n,"movement = high speed, low behavioural intermittence",,Functional traits in red flour beetles: the dispersal phenotype is associated with leg length but not body size nor metabolic rate,https://besjournals.onlinelibrary.wiley.com/doi/full/10.1111/1365-2435.12772
1,Arnold,2017,Fig 3,Ectotherm,Invertebrate,Tribolium_castaneum,Tribolium castaneum,lab,indoor lab,Adult,Male,0.002392,,,29.5,Organism,Metabolism,Routine MR,residual CO2 production (ul_CO2_h),y,Exploration,PC2,0.05,0,145,,,,,-0.09355082,n,movement disp = linear distance travelled and low time in maze edge,,,
1,Arnold,2017,Fig 3,Ectotherm,Invertebrate,Tribolium_castaneum,Tribolium castaneum,lab,indoor lab,Adult,Male,0.002392,,,29.5,Organism,Metabolism,Routine MR,residual CO2 production (ul_CO2_h),y,Activity,counts_h,1,0,145,,,,,0.1170228,n,,,,
1,Arnold,2017,Fig 3,Ectotherm,Invertebrate,Tribolium_castaneum,Tribolium castaneum,lab,indoor lab,Adult,Female,0.002504,,,29.5,Organism,Metabolism,Routine MR,residual CO2 production (ul_CO2_h),y,Exploration,PC1,0.05,0,145,,,,,0.05459229,n,,,,
1,Arnold,2017,Fig 3,Ectotherm,Invertebrate,Tribolium_castaneum,Tribolium castaneum,lab,indoor lab,Adult,Female,0.002504,,,29.5,Organism,Metabolism,Routine MR,residual CO2 production (ul_CO2_h),y,Exploration,PC2,0.05,0,145,,,,,-0.13124677,n,,,,
1,Arnold,2017,Fig 3,Ectotherm,Invertebrate,Tribolium_castaneum,Tribolium castaneum,lab,indoor lab,Adult,Female,0.002504,,,29.5,Organism,Metabolism,Routine MR,residual CO2 production (ul_CO2_h),y,Activity,counts_h,1,0,145,,,,,0.1214956,n,,,,
2,Munn,2016,Fig 1,Endotherm,Mammalia,Macropus_fuliginosus,Macropus fuliginosus,wild,wild,Adult,Female,25200,141.716,-31.08,NA,Organism,Metabolism,Field MR,MJ d,n,Activity,km_d,216,0,5,,,,,0.8795435,n,,,"Field metabolic rate, movement distance, and grazing pressures by western grey kangaroos (Macropus fuliginosus melanops) and Merino sheep (Ovis aries) in semi-arid Australia",https://link.springer.com/article/10.1016/j.mambio.2016.04.001
2,Munn,2016,Fig 1,Endotherm,Mammalia,Ovis_aries,Ovis aries,wild,wild,Adult,Female,55200,,,NA,Organism,Metabolism,Field MR,MJ d,n,Activity,km_d,216,0,5,,,,,-0.8556018,n,,,,
3,Niitepold,2011,Fig 3,Ectotherm,Invertebrate,Melitaea_cinxia,Melitaea cinxia,wild,outdoor lab,Adult,Male,0.08,20.828,60.069,32.9,Organism,Metabolism,Max MR,residual CO2 production (ul_CO2_h),,Dispersal,residual rate,336,,15,,,,,-0.5021003,n,observed number of movements between habitat patches during mark-recapture,,Flight metabolic rate has contrasting effects on dispersal in the two sexes of the Glanville fritillary butterfly,https://link.springer.com/content/pdf/10.1007/s00442-010-1886-8.pdf
3,Niitepold,2011,Fig 3,Ectotherm,Invertebrate,Melitaea_cinxia,Melitaea cinxia,wild,outdoor lab,Adult,Female,0.1,,,32.9,Organism,Metabolism,Max MR,residual CO2 production (ul_CO2_h),,Dispersal,residual rate,336,,16,,,,,0.3025035,n,,,,
3,Niitepold,2011,Fig 4,Ectotherm,Invertebrate,Melitaea_cinxia,Melitaea cinxia,wild,outdoor lab,Adult,Male,0.08,,,32.9,Organism,Metabolism,Max MR,residual CO2 production (ul_CO2_h),,Activity,s,0.08,1,23,,,,,-0.2797788,n,,,,
3,Niitepold,2011,Fig 4,Ectotherm,Invertebrate,Melitaea_cinxia,Melitaea cinxia,wild,outdoor lab,Adult,Female,0.1,,,32.9,Organism,Metabolism,Max MR,residual CO2 production (ul_CO2_h),,Activity,s,0.08,1,11,,,,,0.5528124,n,,,,
4,Gilfford,2014,Table 2,Ectotherm,Amphibia,Desmognathus_brimleyorum,Desmognathus brimleyorum,wild,indoor lab,Adult,Mixed,5.011872336,-94.06,36.06,15,Organism,Metabolism,Standard MR,residual O2 consumption (ul_O2_h),y,Exploration,residual rate,0.25,2,19,,,,,-0.2,n,number of grid squares crossed in 15 min observation,phenotypic,"Individual (Co)variation in Standard Metabolic Rate, Feeding Rate, and Exploratory Behavior in Wild-Caught Semiaquatic Salamanders",https://www.journals.uchicago.edu/doi/full/10.1086/675974
4,Gilfford,2014,Table 3,Ectotherm,Amphibia,Desmognathus_brimleyorum,Desmognathus brimleyorum,wild,indoor lab,Adult,Mixed,5.011872336,,,15,Organism,Metabolism,Standard MR,residual O2 consumption (ul_O2_h),y,Exploration,residual rate,1.25,2,19,,,,,-0.41,n,,among,,
5,Careau,2015,Table 3,Endotherm,Mammalia,Tamias_striatus,Tamias striatus,wild,indoor lab,Adult,Mixed,90.8,-72.433,45.083,30,Organism,Metabolism,Resting MR,residual mW,y,Exploration,residual,360,1,296,,,,,-0.143,n,total number of line crosses,among,Energy expenditure and personality in wild chipmunks,https://link.springer.com/article/10.1007/s00265-015-1876-2
5,Careau,2015,Table 3,Endotherm,Mammalia,Tamias_striatus,Tamias striatus,wild,outdoor lab,Adult,Mixed,90.8,,,NA,Organism,Metabolism,Field MR,residual mW,y,Exploration,residual,360,0,64,,,,,-0.316,n,,among,,
6,Biro,2019,text,Ectotherm,Osteichthyes,Gambusia_affinis,Gambusia affinis,wild,indoor lab,Adult,Male,0.225,151.229,-33.898,25,Organism,Metabolism,Resting MR,residual O2 production (mg_O2_h),y,Activity,residual rate,1,1.5,30,,,,,-0.58,n,,among,Spontaneous activity rates and resting metabolism: Support for the allocation model of energy management at the among?individual level,https://onlinelibrary.wiley.com/doi/full/10.1111/eth.12957
7,Oliverira,2020,Fig 3,Endotherm,Mammalia,Crocidura_russula,Crocidura russula,wild,indoor lab,Adult,Mixed,7.5,-9.401,38.79,30,Organism,Metabolism,Resting MR,mass-corrected mW,y,Exploration,s,1.5,0,17,,,,,-0.32,y,latency to exit,among,Metabolic and behavioral adaptations of greater white-toothed shrews to urban conditions,https://academic.oup.com/beheco/article/31/6/1334/5923108?login=true
7,Oliverira,2020,Fig 3,Endotherm,Mammalia,Crocidura_russula,Crocidura russula,wild,indoor lab,Adult,Mixed,7.5,,,30,Organism,Metabolism,Resting MR,mass-corrected mW,y,Exploration,n,1.5,0,17,,,,,0.14,n,number of squares visited,among,,
8,Toscano,2015,text,Ectotherm,Invertebrate,Panopeus_herbstii,Panopeus herbstii,wild,indoor lab,Adult,Male,,-79.166,33.333,21,Organism,Metabolism,Resting MR,mass-corrected O2 consumption (umol O2 h g),y,Activity,proportion activity time,2,1,13,,,,,-0.47,n,proportion of observations active out of 20 total observations,no predators present,Testing for relationships between individual crab behavior and metabolic rate across ecological contexts,https://link.springer.com/article/10.1007/s00265-015-1947-4
9,Krams,2017,Table 2,Ectotherm,Invertebrate,Gryllus_integer,Gryllus integer,lab,indoor lab,Adult,Mixed,0.528,,,25,Organism,Metabolism,Resting MR,mass-corrected CO2 production (ml Co2 g h),y,Exploration,min,4,0,46,,,,,0.345,y,Time between entering the tube and resuming activity,among,"Metabolic rate associates with, but does not generate covariation between, behaviours in western stutter-trilling crickets, Gryllus integer",https://royalsocietypublishing.org/doi/full/10.1098/rspb.2016.2481
10,Hurlmann,2019,Fig 4,Endotherm,Mammalia,Microtus_arvalis,Microtus arvalis,wild,indoor lab,Adult,Mixed,23.5,6.875,46.252,30,Organism,Metabolism,Resting MR,residual O2 consumption (ml_O2_h),y,Exploration,n,0.0333333,1,75,,,,,0.14,n,number of lines crossed,phenotypic,Evidence of phenotypic correlation between exploration activity and resting metabolic rate among populations across an elevation gradient in a small rodent species,https://link.springer.com/article/10.1007/s00265-019-2740-6
11,McKenzie,2021,Table 2,Ectotherm,Osteichthyes,Clarias_gariepinus,Clarias gariepinus,lab,indoor lab,Juvenile,Mixed,150,-47.034,-22.508,25,Organism,Metabolism,Resting MR,mass-corrected O2 consumption (mmol O2 kg h),y,Activity,min,0.166667,0,58,,,,,-0.339,n,time spent moving,phenotypic,"Evidence that standard metabolic rate and risk-taking to breathe air are linked to boldness, activity level and exploratory behaviour in a catfish",https://www.biorxiv.org/content/10.1101/2021.02.02.429387v1
11,McKenzie,2021,Table 2,Ectotherm,Osteichthyes,Clarias_gariepinus,Clarias gariepinus,lab,indoor lab,Juvenile,Mixed,150,,,25,Organism,Metabolism,Resting MR,mass-corrected O2 consumption (mmol O2 kg h),y,Exploration,min,0.166667,0,58,,,,,-0.245,n,number of lines crossed,phenotypic,,
12,Royaute,2015,Table 2,Ectotherm,Invertebrate,Acheta_domesticus,Acheta domesticus,lab,indoor lab,Juvenile,Mixed,0.4,,,NA,Organism,Metabolism,Routine MR,residual CO2 production (umol_CO2_h),y,Exploration,s,0.05,1,43,,,,,0.15,n,number of unique zones visited,,"Behaviour, metabolism and size: phenotypic modularity or integration in Acheta domesticus?",https://www.sciencedirect.com/science/article/pii/S0003347215003589
13,Bouwhuis,2013,text,Endotherm,Aves,Parus_major,Parus major,wild,indoor lab,Adult,Male,18.9,-1.315,51.783,,Organism,Metabolism,Basal MR,mass-corrected W,y,Exploration,,5,0,345,,,1,324,0.05547002,n,movement in novel environment,,Personality and basal metabolic rate in a wild bird population,https://onlinelibrary.wiley.com/doi/full/10.1111/j.1600-0706.2013.00654.x
13,Bouwhuis,2013,text,Endotherm,Aves,Parus_major,Parus major,wild,indoor lab,Adult,Female,17.6,,,,Organism,Metabolism,Basal MR,mass-corrected W,y,Exploration,,5,0,335,,,-2.5,314,-0.139699689,n,movement in novel environment,,,
14,Le Galliard,2013,Table 2,Ectotherm,Reptilia,Zootoca_vivipara,Zootoca vivipara,wild,indoor lab,Juvenile,Mixed,1.01,,,25,Organism,Metabolism,Resting MR,mass-corrected O2 consumption (ml O2 g h),y,Exploration,PC1,7,3,170,,,,,0.03,n,,juvenile,"Personality and the pace?of?life syndrome: variation and selection on exploration, metabolism and locomotor performances",https://besjournals.onlinelibrary.wiley.com/doi/full/10.1111/1365-2435.12017
14,Le Galliard,2013,Table 2,Ectotherm,Reptilia,Zootoca_vivipara,Zootoca vivipara,wild,indoor lab,Juvenile,Mixed,1.01,3.75,44.45,25,Organism,Locomotor capacity,Sprint speed,ms,n,Exploration,PC1,7,3,170,,,,,0,n,,juvenile,,
14,Le Galliard,2013,Table 2,Ectotherm,Reptilia,Zootoca_vivipara,Zootoca vivipara,wild,indoor lab,Juvenile,Mixed,1.01,,,32,Organism,Locomotor capacity,Endurance,s,n,Exploration,PC1,7,3,87,,,,,0.13,n,,juvenile,,
14,Le Galliard,2013,Table 2,Ectotherm,Reptilia,Zootoca_vivipara,Zootoca vivipara,wild,indoor lab,Juvenile,Mixed,1.01,,,25,Organism,Metabolism,Resting MR,mass-corrected O2 consumption (ml O2 g h),y,Exploration,PC1,7,3,52,,,,,-0.04,n,,yearling,,
14,Le Galliard,2013,Table 2,Ectotherm,Reptilia,Zootoca_vivipara,Zootoca vivipara,wild,indoor lab,Juvenile,Mixed,1.01,,,25,Organism,Locomotor capacity,Sprint speed,ms,n,Exploration,PC1,7,3,52,,,,,0.27,n,,yearling,,
14,Le Galliard,2013,Table 2,Ectotherm,Reptilia,Zootoca_vivipara,Zootoca vivipara,wild,indoor lab,Juvenile,Mixed,1.01,,,32,Organism,Locomotor capacity,Endurance,s,n,Exploration,PC1,7,3,53,,,,,0.25,n,,yearling,,
15,Pena-Villalobos,2020,Fig 7,Endotherm,Mammalia,Mus_musculus,Mus musculus domesticus,lab,indoor lab,Juvenile,Male,19,,,25,Macromolecule,Metabolism,Muscle citrate synthase,umol min mg protein,y,Exploration,n,5,0,44,,,,,0.66,n,number of squares crossed,no food restriction,Costs of exploratory behavior: the energy trade-off hypothesis and the allocation model tested under caloric restriction,https://www.nature.com/articles/s41598-020-61102-2#Sec9
15,Pena-Villalobos,2020,Fig 7,Endotherm,Mammalia,Mus_musculus,Mus musculus domesticus,lab,indoor lab,Juvenile,Male,19,,,25,Macromolecule,Metabolism,Muscle cytochrome c oxidase,umol min mg protein,y,Exploration,n,5,0,44,,,,,0.58,n,,,,
15,Pena-Villalobos,2020,text,Endotherm,Mammalia,Mus_musculus,Mus musculus domesticus,lab,indoor lab,Juvenile,Male,19,,,25,Macromolecule,Metabolism,Liver citrate synthase,,y,Activity,%,0.166667,0,44,,,,,-0.404,n,,,,
15,Pena-Villalobos,2020,text,Endotherm,Mammalia,Mus_musculus,Mus musculus domesticus,lab,indoor lab,Juvenile,Male,19,,,25,Macromolecule,Metabolism,Liver cytochrome c oxidase,umol min mg protein,y,Activity,%,0.166667,0,44,,,,,-0.938,n,,,,
15,Pena-Villalobos,2020,text,Endotherm,Mammalia,Mus_musculus,Mus musculus domesticus,lab,indoor lab,Juvenile,Male,19,,,30,Organism,Metabolism,Resting MR,residual O2 consumption (ml_O2_h),y,Activity,%,0.166667,1,44,,,,,-0.757,n,,,,
16,Newar,2018,Table 4,Endotherm,Mammalia,Tamias_striatus,Tamias striatus,wild,outdoor lab,Adult,Mixed,100,-76.316,44.55,,Organism,Locomotor capacity,Sprint speed,ms,n,Exploration,cm,0.166667,0,43,,,,,-0.593,n,distance moved,,The fast and the curious: locomotor performance and exploratory behaviour in eastern chipmunks,https://link.springer.com/article/10.1007/s00265-018-2445-2
17,Maldonado,2021,Fig 1,Endotherm,Aves,Zonotrichia_capensis,Zonotrichia capensis,wild,indoor lab,Adult,Mixed,17.95,-70.416,-27.3,30,Organism,Metabolism,Basal MR,ml O2 min,n,Exploration,,0.166667,0,19,,,,,-0.412,n,Shannon’s diversity index,Desert,Geographic Variation in the Association between Exploratory Behavior and Physiology in Rufous-Collared Sparrows,https://www.journals.uchicago.edu/doi/full/10.1086/667406
17,Maldonado,2021,Fig 1,Endotherm,Aves,Zonotrichia_capensis,Zonotrichia capensis,wild,indoor lab,Adult,Mixed,17.72,-70.833,-33.516,30,Organism,Metabolism,Basal MR,ml O2 min,n,Exploration,,0.166667,0,19,,,,,0.469,n,,Mediterranean,,
17,Maldonado,2021,Fig 1,Endotherm,Aves,Zonotrichia_capensis,Zonotrichia capensis,wild,indoor lab,Adult,Mixed,19.65,-73,-41.266,30,Organism,Metabolism,Basal MR,ml O2 min,n,Exploration,,0.166667,0,24,,,,,-0.3,n,,Cold-temperature,,
18,Finkemeier,2015,Table 2,Endotherm,Mammalia,Cavia_aperea,Cavia aperea,lab,indoor lab,Juvenile,Mixed,265,,,20,Organism,Metabolism,Resting MR,residual W,y,Exploration,n,3,1,63,,,,,0.12,n,number of times in new enclosure,,Match–Mismatch Experiments Using Photoperiod Expose Developmental Plasticity of Personality Traits,https://onlinelibrary.wiley.com/doi/full/10.1111/eth.12448
19,Guenther,2015,Table 1,Endotherm,Mammalia,Cavia_aperea,Cavia aperea,lab,indoor lab,Juvenile,Mixed,,,,20,Organism,Metabolism,Resting MR,mass-corrected O2 consumption (ml O2 kg min),y,Exploration,n,3,1,39,,,,,-0.24,n,number of times in new enclosure,,Within-litter differences in personality and physiology relate to size differences among siblings in cavies,https://www.sciencedirect.com/science/article/pii/S003193841500164X
20,Vaanholt,2012,Table 4,Endotherm,Mammalia,Mus_domesticus,Mus musculus domesticus,lab,indoor lab,Juvenile,Mixed,45.75,,,30,Organism,Metabolism,Resting MR,mass-corrected O2 consumption (KJ g d),y,Activity,n d,24,,122,,,,,0.114,n,,,Factors Predicting Individual Variability in Diet?Induced Weight Loss in MF1 Mice,https://onlinelibrary.wiley.com/doi/full/10.1038/oby.2011.279
21,Careau,2011,text,Endotherm,Mammalia,Peromyscus_maniculatus,Peromyscus maniculatus sonoriensis,lab,indoor lab,Adult,Mixed,20.9,-118.326,37.36,24,Organism,Metabolism,Resting MR,covariate ml O2 h,y,Activity,,0.0333333,,105,,,,,0.12,n,distance moved,,Genetic correlation between resting metabolic rate and exploratory behaviour in deer mice (Peromyscus maniculatus),https://onlinelibrary.wiley.com/doi/full/10.1111/j.1420-9101.2011.02344.x
22,Stoltey,2009,text,Ectotherm,Invertebrate,Aphonopelma_anax,Aphonopelma anax,wild,outdoor lab,Adult,Male,10.25,-99.406,28.325,30,Organism,Metabolism,Resting MR,ml CO2 h,n,Activity,m day,1008,1,23,,0.20976177,,21,-0.099447822,n,distance moved,,Metabolic rates and movements of the male tarantula Aphonopelma anax during the mating season,https://cdnsciencepub.com/doi/full/10.1139/Z09-111
23,Farwell,2009,text,Ectotherm,Osteichthyes,Salvelinus_fontinalis,Salvelinus fontinalis,wild,outdoor lab,Adult,Mixed,0.05,-80.116667,43.75,10.5,Organism,Metabolism,Resting MR,mass-corrected O2 consumption (umol O2 g min),y,Activity,proportion activity time,4,1,74,,,,,0.06,n,,,Alternative foraging tactics and risk taking in brook charr (Salvelinus fontinalis),https://academic.oup.com/beheco/article/20/5/913/209282?login=true
23,Farwell,2009,text,Ectotherm,Osteichthyes,Salvelinus_fontinalis,Salvelinus fontinalis,wild,outdoor lab,Adult,Mixed,0.05,,,10.5,Organism,Locomotor capacity,Endurance,s,y,Activity,proportion activity time,4,1,74,,,,,0.09,n,,,,
24,Baktoft,2016,Fig 3,Ectotherm,Osteichthyes,Perca_fluviatilis,Perca fluviatilis,wild,outdoor lab,Adult,Mixed,54.2,10.180556,55.928333,16,Organism,Metabolism,Standard MR,residual O2 consumption (mg_O2_kg_h),y,Activity,m day,288,19,16,,,,,-0.2822302,n,,,"Phenotypic variation in metabolism and morphology correlating with animal swimming activity in the wild: relevance for the OCLTT (oxygen- and capacity-limitation of thermal tolerance), allocation and performance model",https://academic.oup.com/conphys/article/4/1/cov055/2951292?login=true
24,Baktoft,2016,Fig 3,Ectotherm,Osteichthyes,Perca_fluviatilis,Perca fluviatilis,wild,outdoor lab,Adult,Mixed,54.2,,,16,Organism,Metabolism,Aerobic scope,ratio,y,Activity,m day,288,19,16,,,,,-0.08006408,n,,,,
24,Baktoft,2016,Fig 3,Ectotherm,Osteichthyes,Perca_fluviatilis,Perca fluviatilis,wild,outdoor lab,Adult,Mixed,54.2,,,16,Organism,Metabolism,Standard MR,residual O2 consumption (mg_O2_kg_h),y,Exploration,activity outside buffer zone,288,19,16,,,,,-0.283721,n,,,,
24,Baktoft,2016,Fig 3,Ectotherm,Osteichthyes,Perca_fluviatilis,Perca fluviatilis,wild,outdoor lab,Adult,Mixed,54.2,,,16,Organism,Metabolism,Aerobic scope,ratio,y,Exploration,activity outside buffer zone,288,19,16,,,,,-0.0811453,n,,,,
25,Chappell,2007,Table 3,Endotherm,Mammalia,Meriones_unguiculatus,Meriones unguiculatus,lab,indoor lab,Adult,Male,67.7,,,23,Organism,Metabolism,Basal MR,residual O2 consumption (ml O2 min),y,Activity,km day,48,6,27,,,,,0.086,n,,,"Relationships among running performance, aerobic physiology and organ mass in male Mongolian gerbils",https://jeb.biologists.org/content/210/23/4179.short
25,Chappell,2007,Table 3,Endotherm,Mammalia,Meriones_unguiculatus,Meriones unguiculatus,lab,indoor lab,Adult,Male,67.7,,,23,Organism,Metabolism,Basal MR,residual O2 consumption (ml O2 min),y,Activity,min day,48,6,27,,,,,0.052,n,,,,
25,Chappell,2007,Table 3,Endotherm,Mammalia,Meriones_unguiculatus,Meriones unguiculatus,lab,indoor lab,Adult,Male,67.7,,,23,Organism,Metabolism,Resting MR,residual O2 consumption (ml O2 min),y,Activity,km day,48,4,40,,,,,-0.09,n,,,,
25,Chappell,2007,Table 3,Endotherm,Mammalia,Meriones_unguiculatus,Meriones unguiculatus,lab,indoor lab,Adult,Male,67.7,,,23,Organism,Metabolism,Resting MR,residual O2 consumption (ml O2 min),y,Activity,min day,48,4,40,,,,,-0.094,n,,,,
25,Chappell,2007,Table 3,Endotherm,Mammalia,Meriones_unguiculatus,Meriones unguiculatus,lab,indoor lab,Adult,Male,67.7,,,23,Organism,Metabolism,Max MR,residual O2 consumption (ml O2 min),y,Activity,km day,48,4,40,,,,,0.628,n,,,,
25,Chappell,2007,Table 3,Endotherm,Mammalia,Meriones_unguiculatus,Meriones unguiculatus,lab,indoor lab,Adult,Male,67.7,,,23,Organism,Metabolism,Max MR,residual O2 consumption (ml O2 min),y,Activity,min day,48,4,40,,,,,0.403,n,,,,
25,Chappell,2007,Table 3,Endotherm,Mammalia,Meriones_unguiculatus,Meriones unguiculatus,lab,indoor lab,Adult,Male,67.7,,,23,Organism,Metabolism,Aerobic scope,ratio,y,Activity,km day,48,4,40,,,,,-0.05,n,,,,
25,Chappell,2007,Table 3,Endotherm,Mammalia,Meriones_unguiculatus,Meriones unguiculatus,lab,indoor lab,Adult,Male,67.7,,,23,Organism,Metabolism,Aerobic scope,ratio,y,Activity,min day,48,4,40,,,,,0.033,n,,,,
25,Chappell,2007,Table 3,Endotherm,Mammalia,Meriones_unguiculatus,Meriones unguiculatus,lab,indoor lab,Adult,Male,67.7,,,23,Organism,Metabolism,Routine MR,residual O2 consumption (ml O2 min),y,Activity,km day,48,4,40,,,,,0.383,n,,,,
25,Chappell,2007,Table 3,Endotherm,Mammalia,Meriones_unguiculatus,Meriones unguiculatus,lab,indoor lab,Adult,Male,67.7,,,23,Organism,Metabolism,Routine MR,residual O2 consumption (ml O2 min),y,Activity,min day,48,4,40,,,,,0.361,n,,,,
25,Chappell,2007,Table 3,Endotherm,Mammalia,Meriones_unguiculatus,Meriones unguiculatus,lab,indoor lab,Adult,Male,67.7,,,23,Organism,Locomotor capacity,Sprint speed,residual (km h),y,Activity,km day,48,5,34,,,,,-0.183,n,,,,
25,Chappell,2007,Table 3,Endotherm,Mammalia,Meriones_unguiculatus,Meriones unguiculatus,lab,indoor lab,Adult,Male,67.7,,,23,Organism,Locomotor capacity,Sprint speed,residual (km h),y,Activity,min day,48,5,34,,,,,-0.214,n,,,,
26,Finstad,2007,text,Ectotherm,Osteichthyes,Salmo_salar,Salmo salar,lab,indoor lab,Juvenile,Mixed,29,23,70,3.9,Organism,Metabolism,Standard MR,J g day,y,Activity,n,48,2,23,0.047,,,62,0.045204848,n,,,"Metabolic rate, behaviour and winter performance in juvenile Atlantic salmon",https://besjournals.onlinelibrary.wiley.com/doi/full/10.1111/j.1365-2435.2007.01291.x
27,Girardier,1995,Table 1,Endotherm,Mammalia,Rattus_norvegicus,Rattus norvegicus,lab,indoor lab,Adult,Mixed,243.6,,,22,Organism,Metabolism,Resting MR,mW,n,Activity,m h,8.33333,0,8,,,,,0.159000154,n,,,Thermogenesis associated with spontaneous activity: an important component of thermoregulatory needs in rats,https://physoc.onlinelibrary.wiley.com/doi/abs/10.1113/jphysiol.1995.sp021009
28,Careau,2014,Table S2,Endotherm,Aves,Taeniopygia_guttata,Taeniopygia guttata,lab,indoor lab,Adult,Female,13.39,,,22,Cellular,Cardiovascular,Haematocrit,%,y,Activity,%,28,,36,,,,,0.84,n,,Novel environment,Developmental stress can uncouple relationships between physiology and behaviour,https://royalsocietypublishing.org/doi/full/10.1098/rsbl.2014.0834
28,Careau,2014,Table S2,Endotherm,Aves,Taeniopygia_guttata,Taeniopygia guttata,lab,indoor lab,Adult,Female,13.39,,,22,Macromolecule,Hormone,Corticosterone,ng ml,y,Activity,%,28,,36,,,,,0.11,n,,,,
28,Careau,2014,Table S2,Endotherm,Aves,Taeniopygia_guttata,Taeniopygia guttata,lab,indoor lab,Adult,Female,13.39,,,22,Organism,Metabolism,Basal MR,residual O2 consumption (ml O2 h),y,Activity,%,28,,36,,,,,-0.62,n,,,,
28,Careau,2014,Table S2,Endotherm,Aves,Taeniopygia_guttata,Taeniopygia guttata,lab,indoor lab,Adult,Female,13.39,,,22,Cellular,Cardiovascular,Haematocrit,%,y,Activity,%,28,,28,,,,,-0.03,n,,Familiar environment,,
28,Careau,2014,Table S2,Endotherm,Aves,Taeniopygia_guttata,Taeniopygia guttata,lab,indoor lab,Adult,Female,13.39,,,22,Macromolecule,Hormone,Corticosterone,ng ml,y,Activity,%,28,,28,,,,,-0.2,n,,,,
28,Careau,2014,Table S2,Endotherm,Aves,Taeniopygia_guttata,Taeniopygia guttata,lab,indoor lab,Adult,Female,13.39,,,22,Organism,Metabolism,Basal MR,residual O2 consumption (ml O2 h),y,Activity,%,28,,28,,,,,-0.45,n,,,,
29,Lebeau,2016,raw data,Ectotherm,Invertebrate,Maniola jurtina,Maniola jurtina,wild,indoor lab,Adult,Female,0.0967,4.594,50.605,30.17166263,Organism,Metabolism,Resting MR,ml CO2 h,n,Activity,m,0.166667,0,17,,,,,-0.076899831,n,,EL population,Nectar resource limitation affects butterfly flight performance and metabolism differently in intensive and extensive agricultural landscapes,https://royalsocietypublishing.org/doi/full/10.1098/rspb.2016.0455
29,Lebeau,2016,raw data,Ectotherm,Invertebrate,Maniola jurtina,Maniola jurtina,wild,indoor lab,Adult,Female,0.0967,,,30.29272933,Organism,Metabolism,Routine MR,ml CO2 h,n,Activity,m,0.166667,0,17,,,,,0.213808422,n,,EL population,,
29,Lebeau,2016,raw data,Ectotherm,Invertebrate,Maniola jurtina,Maniola jurtina,wild,indoor lab,Adult,Female,0.0967,,,30,Organism,Locomotor capacity,Endurance,s,n,Activity,m,0.166667,0,17,,,,,0.811090055,n,,EL population,,
29,Lebeau,2016,raw data,Ectotherm,Invertebrate,Maniola jurtina,Maniola jurtina,wild,indoor lab,Adult,Female,0.094,,,30.41930736,Organism,Metabolism,Resting MR,ml CO2 h,n,Activity,m,0.166667,0,27,,,,,0.047964533,n,,IL population,,
29,Lebeau,2016,raw data,Ectotherm,Invertebrate,Maniola jurtina,Maniola jurtina,wild,indoor lab,Adult,Female,0.094,,,30.74498283,Organism,Metabolism,Routine MR,ml CO2 h,n,Activity,m,0.166667,0,27,,,,,0.535650081,n,,IL population,,
29,Lebeau,2016,raw data,Ectotherm,Invertebrate,Maniola jurtina,Maniola jurtina,wild,indoor lab,Adult,Female,0.094,,,30,Organism,Locomotor capacity,Endurance,s,n,Activity,m,0.166667,0,27,,,,,0.825209047,n,,IL population,,
30,Dyck,2016,text,Ectotherm,Invertebrate,Pararge_aegeria,Pararge aegeria,wild,indoor lab,Adult,Male,,4,51,30.6,Organism,Metabolism,Standard MR,residual CO2 production (ml_CO2_h),y,Activity,residual,,,91,,,,,-0.27,n,,,Ecotypic differentiation matters for latitudinal variation in energy metabolism and flight performance in a butterfly under climate change,https://www.nature.com/articles/srep36941#Sec8
30,Dyck,2016,text,Ectotherm,Invertebrate,Pararge_aegeria,Pararge aegeria,wild,indoor lab,Adult,Female,,,,,Organism,Metabolism,Standard MR,residual CO2 production (ml_CO2_h),y,Activity,residual,,,108,,,,,-0.12,n,,,,
30,Dyck,2016,text,Ectotherm,Invertebrate,Pararge_aegeria,Pararge aegeria,wild,indoor lab,Adult,Male,,,,,Organism,Metabolism,Routine MR,residual CO2 production (ml_CO2_h),y,Activity,residual,,0,93,,,,,0.61,n,,,,
30,Dyck,2016,text,Ectotherm,Invertebrate,Pararge_aegeria,Pararge aegeria,wild,indoor lab,Adult,Female,,,,,Organism,Metabolism,Routine MR,residual CO2 production (ml_CO2_h),y,Activity,residual,,0,109,,,,,0.57,n,,,,
31,McDonald,2007,Fig 6,Ectotherm,Osteichthyes,Oncorhynchus_mykiss,Oncorhynchus mykiss gairdneri,lab,indoor lab,Juvenile,Mixed,2.5,,,14,Organism,Locomotor capacity,Endurance,min,n,Activity,n transits,168,,12,,,,,0.92569803,n,,,"The Relationships among Sprint Performance, Voluntary Swimming Activity, and Social Dominance in Juvenile Rainbow Trout",https://www.journals.uchicago.edu/doi/full/10.1086/521089
32,Seebacher,2015,Fig 2,Ectotherm,Osteichthyes,Danio_rerio,Danio rerio,lab,indoor lab,Adult,Mixed,0.31,,,,Organism,Locomotor capacity,Ucrit,Pathway model,y,Activity,BL s,0.0166667,0,24,,,,,0.41,n,,,Skeletal muscle contractile function predicts activity and behaviour in zebrafish,https://jeb.biologists.org/content/218/24/3878?utm_source=TrendMD&utm_medium=cpc&utm_campaign=J_Exp_Biol_TrendMD_0
32,Seebacher,2015,Fig 2,Ectotherm,Osteichthyes,Danio_rerio,Danio rerio,lab,indoor lab,Adult,Mixed,0.31,,,23,Organism,Musculoskeletal,Muscle biomechanics,Pathway model,y,Activity,BL s,0.0166667,0,24,,,,,0.5,n,,,,
33,Seebacher,2016,Fig 5,Ectotherm,Osteichthyes,Danio_rerio,Danio rerio,lab,indoor lab,Adult,Mixed,0.51,,,18,Organism,Locomotor capacity,Ucrit,m s,n,Activity,m s,0.0166667,0,12,,,,,0.2458525,n,,,Energetic cost determines voluntary movement speed only in familiar environments,https://jeb.biologists.org/content/219/11/1625?utm_source=TrendMD&utm_medium=cpc&utm_campaign=J_Exp_Biol_TrendMD_0
33,Seebacher,2016,Fig 5,Ectotherm,Osteichthyes,Danio_rerio,Danio rerio,lab,indoor lab,Adult,Mixed,0.51,,,24,Organism,Locomotor capacity,Ucrit,m s,n,Activity,m s,0.0166667,0,12,,,,,-0.2867616,n,,,,
33,Seebacher,2016,Fig 5,Ectotherm,Osteichthyes,Danio_rerio,Danio rerio,lab,indoor lab,Adult,Mixed,0.51,,,30,Organism,Locomotor capacity,Ucrit,m s,n,Activity,m s,0.0166667,0,13,,,,,0.68927,n,,,,
33,Seebacher,2016,Fig 5,Ectotherm,Osteichthyes,Danio_rerio,Danio rerio,lab,indoor lab,Adult,Mixed,0.51,,,18,Organism,Locomotor capacity,Ucrit,m s,n,Activity,m s,0.166667,0,12,,,,,0.1186094,n,,,,
33,Seebacher,2016,Fig 5,Ectotherm,Osteichthyes,Danio_rerio,Danio rerio,lab,indoor lab,Adult,Mixed,0.51,,,24,Organism,Locomotor capacity,Ucrit,m s,n,Activity,m s,0.166667,0,12,,,,,-0.1448508,n,,,,
33,Seebacher,2016,Fig 5,Ectotherm,Osteichthyes,Danio_rerio,Danio rerio,lab,indoor lab,Adult,Mixed,0.51,,,30,Organism,Locomotor capacity,Ucrit,m s,n,Activity,m s,0.166667,0,13,,,,,0.1214463,n,,,,
33,Seebacher,2016,Fig 6,Ectotherm,Osteichthyes,Danio_rerio,Danio rerio,lab,indoor lab,Adult,Mixed,0.51,,,18,Organism,Locomotor capacity,CoT,W kg,y,Activity,m s,0.0166667,0,12,,,,,-0.31652241,y,,,,
33,Seebacher,2016,Fig 6,Ectotherm,Osteichthyes,Danio_rerio,Danio rerio,lab,indoor lab,Adult,Mixed,0.51,,,24,Organism,Locomotor capacity,CoT,W kg,y,Activity,m s,0.0166667,0,13,,,,,0.06223095,y,,,,
33,Seebacher,2016,Fig 6,Ectotherm,Osteichthyes,Danio_rerio,Danio rerio,lab,indoor lab,Adult,Mixed,0.51,,,30,Organism,Locomotor capacity,CoT,W kg,y,Activity,m s,0.0166667,0,14,,,,,-0.37401681,y,,,,
33,Seebacher,2016,Fig 6,Ectotherm,Osteichthyes,Danio_rerio,Danio rerio,lab,indoor lab,Adult,Mixed,0.51,,,18,Organism,Locomotor capacity,CoT,W kg,y,Activity,m s,0.166667,0,12,,,,,-0.5496612,y,,,,
33,Seebacher,2016,Fig 6,Ectotherm,Osteichthyes,Danio_rerio,Danio rerio,lab,indoor lab,Adult,Mixed,0.51,,,24,Organism,Locomotor capacity,CoT,W kg,y,Activity,m s,0.166667,0,13,,,,,0.5208151,y,,,,
33,Seebacher,2016,Fig 6,Ectotherm,Osteichthyes,Danio_rerio,Danio rerio,lab,indoor lab,Adult,Mixed,0.51,,,30,Organism,Locomotor capacity,CoT,W kg,y,Activity,m s,0.166667,0,14,,,,,0.2750186,y,,,,
34,Le Roy,2018,raw data,Ectotherm,Osteichthyes,Poecilia_reticulata,Poecilia reticulata,lab,indoor lab,Adult,Male,,,,22,Macromolecule,Metabolism,Muscle lactate dehydrogenase,umol g min,y,Exploration,s,0.333333,,10,,,,,-0.448939804,y,time to leave first pool,,Transgenerational effects and acclimation affect dispersal in guppies,https://besjournals.onlinelibrary.wiley.com/doi/full/10.1111/1365-2435.13105
34,Le Roy,2018,raw data,Ectotherm,Osteichthyes,Poecilia_reticulata,Poecilia reticulata,lab,indoor lab,Adult,Female,,,,22,Macromolecule,Metabolism,Muscle lactate dehydrogenase,umol g min,y,Exploration,s,0.333333,,11,,,,,-0.221006306,y,,,,
34,Le Roy,2018,raw data,Ectotherm,Osteichthyes,Poecilia_reticulata,Poecilia reticulata,lab,indoor lab,Adult,Male,,,,30,Macromolecule,Metabolism,Muscle lactate dehydrogenase,umol g min,y,Exploration,s,0.333333,,9,,,,,-0.225033637,y,,,,
34,Le Roy,2018,raw data,Ectotherm,Osteichthyes,Poecilia_reticulata,Poecilia reticulata,lab,indoor lab,Adult,Female,,,,30,Macromolecule,Metabolism,Muscle lactate dehydrogenase,umol g min,y,Exploration,s,0.333333,,11,,,,,0.582081339,y,,,,
34,Le Roy,2018,raw data,Ectotherm,Osteichthyes,Poecilia_reticulata,Poecilia reticulata,lab,indoor lab,Adult,Male,,,,22,Macromolecule,Metabolism,Muscle citrate synthase,umol g min,y,Exploration,s,0.333333,,10,,,,,0.166698309,y,,,,
34,Le Roy,2018,raw data,Ectotherm,Osteichthyes,Poecilia_reticulata,Poecilia reticulata,lab,indoor lab,Adult,Female,,,,22,Macromolecule,Metabolism,Muscle citrate synthase,umol g min,y,Exploration,s,0.333333,,11,,,,,0.171622768,y,,,,
34,Le Roy,2018,raw data,Ectotherm,Osteichthyes,Poecilia_reticulata,Poecilia reticulata,lab,indoor lab,Adult,Male,,,,30,Macromolecule,Metabolism,Muscle citrate synthase,umol g min,y,Exploration,s,0.333333,,9,,,,,-0.372913954,y,,,,
34,Le Roy,2018,raw data,Ectotherm,Osteichthyes,Poecilia_reticulata,Poecilia reticulata,lab,indoor lab,Adult,Female,,,,30,Macromolecule,Metabolism,Muscle citrate synthase,umol g min,y,Exploration,s,0.333333,,11,,,,,-0.027549994,y,,,,
34,Le Roy,2018,raw data,Ectotherm,Osteichthyes,Poecilia_reticulata,Poecilia reticulata,lab,indoor lab,Adult,Male,,,,22,Macromolecule,Metabolism,Muscle lactate dehydrogenase,umol g min,y,Exploration,n,0.333333,,10,,,,,-0.523133602,n,number of dispersal decisions,,,
34,Le Roy,2018,raw data,Ectotherm,Osteichthyes,Poecilia_reticulata,Poecilia reticulata,lab,indoor lab,Adult,Female,,,,22,Macromolecule,Metabolism,Muscle lactate dehydrogenase,umol g min,y,Exploration,n,0.333333,,11,,,,,-0.310437488,n,,,,
34,Le Roy,2018,raw data,Ectotherm,Osteichthyes,Poecilia_reticulata,Poecilia reticulata,lab,indoor lab,Adult,Male,,,,30,Macromolecule,Metabolism,Muscle lactate dehydrogenase,umol g min,y,Exploration,n,0.333333,,9,,,,,-0.464260867,n,,,,
34,Le Roy,2018,raw data,Ectotherm,Osteichthyes,Poecilia_reticulata,Poecilia reticulata,lab,indoor lab,Adult,Female,,,,30,Macromolecule,Metabolism,Muscle lactate dehydrogenase,umol g min,y,Exploration,n,0.333333,,11,,,,,0.191904691,n,,,,
34,Le Roy,2018,raw data,Ectotherm,Osteichthyes,Poecilia_reticulata,Poecilia reticulata,lab,indoor lab,Adult,Male,,,,22,Macromolecule,Metabolism,Muscle citrate synthase,umol g min,y,Exploration,n,0.333333,,10,,,,,0.246906133,n,,,,
34,Le Roy,2018,raw data,Ectotherm,Osteichthyes,Poecilia_reticulata,Poecilia reticulata,lab,indoor lab,Adult,Female,,,,22,Macromolecule,Metabolism,Muscle citrate synthase,umol g min,y,Exploration,n,0.333333,,11,,,,,0.082728196,n,,,,
34,Le Roy,2018,raw data,Ectotherm,Osteichthyes,Poecilia_reticulata,Poecilia reticulata,lab,indoor lab,Adult,Male,,,,30,Macromolecule,Metabolism,Muscle citrate synthase,umol g min,y,Exploration,n,0.333333,,9,,,,,-0.046736973,n,,,,
34,Le Roy,2018,raw data,Ectotherm,Osteichthyes,Poecilia_reticulata,Poecilia reticulata,lab,indoor lab,Adult,Female,,,,30,Macromolecule,Metabolism,Muscle citrate synthase,umol g min,y,Exploration,n,0.333333,,11,,,,,-0.032957552,n,,,,
34,Le Roy,2018,raw data,Ectotherm,Osteichthyes,Poecilia_reticulata,Poecilia reticulata,lab,indoor lab,Adult,Male,,,,22,Macromolecule,Metabolism,Muscle lactate dehydrogenase,umol g min,y,Activity,m s,0.333333,,10,,,,,0.342570276,n,,,,
34,Le Roy,2018,raw data,Ectotherm,Osteichthyes,Poecilia_reticulata,Poecilia reticulata,lab,indoor lab,Adult,Female,,,,22,Macromolecule,Metabolism,Muscle lactate dehydrogenase,umol g min,y,Activity,m s,0.333333,,7,,,,,-0.218502194,n,,,,
34,Le Roy,2018,raw data,Ectotherm,Osteichthyes,Poecilia_reticulata,Poecilia reticulata,lab,indoor lab,Adult,Male,,,,30,Macromolecule,Metabolism,Muscle lactate dehydrogenase,umol g min,y,Activity,m s,0.333333,,11,,,,,-0.772212192,n,,,,
34,Le Roy,2018,raw data,Ectotherm,Osteichthyes,Poecilia_reticulata,Poecilia reticulata,lab,indoor lab,Adult,Female,,,,30,Macromolecule,Metabolism,Muscle lactate dehydrogenase,umol g min,y,Activity,m s,0.333333,,10,,,,,-0.265697986,n,,,,
34,Le Roy,2018,raw data,Ectotherm,Osteichthyes,Poecilia_reticulata,Poecilia reticulata,lab,indoor lab,Adult,Male,,,,22,Macromolecule,Metabolism,Muscle citrate synthase,umol g min,y,Activity,m s,0.333333,,10,,,,,-0.467972865,n,,,,
34,Le Roy,2018,raw data,Ectotherm,Osteichthyes,Poecilia_reticulata,Poecilia reticulata,lab,indoor lab,Adult,Female,,,,22,Macromolecule,Metabolism,Muscle citrate synthase,umol g min,y,Activity,m s,0.333333,,7,,,,,-0.062383363,n,,,,
34,Le Roy,2018,raw data,Ectotherm,Osteichthyes,Poecilia_reticulata,Poecilia reticulata,lab,indoor lab,Adult,Male,,,,30,Macromolecule,Metabolism,Muscle citrate synthase,umol g min,y,Activity,m s,0.333333,,11,,,,,-0.566472196,n,,,,
34,Le Roy,2018,raw data,Ectotherm,Osteichthyes,Poecilia_reticulata,Poecilia reticulata,lab,indoor lab,Adult,Female,,,,30,Macromolecule,Metabolism,Muscle citrate synthase,umol g min,y,Activity,m s,0.333333,,10,,,,,0.186590048,n,,,,
34,Le Roy,2018,raw data,Ectotherm,Osteichthyes,Poecilia_reticulata,Poecilia reticulata,lab,indoor lab,Adult,Male,,,,22,Organism,Locomotor capacity,Ucrit,BL s,y,Exploration,s,0.333333,,10,,,,,0.467591296,y,number of dispersal decisions,,,
34,Le Roy,2018,raw data,Ectotherm,Osteichthyes,Poecilia_reticulata,Poecilia reticulata,lab,indoor lab,Adult,Female,,,,22,Organism,Locomotor capacity,Ucrit,BL s,y,Exploration,s,0.333333,,7,,,,,0.327798332,y,,,,
34,Le Roy,2018,raw data,Ectotherm,Osteichthyes,Poecilia_reticulata,Poecilia reticulata,lab,indoor lab,Adult,Male,,,,30,Organism,Locomotor capacity,Ucrit,BL s,y,Exploration,s,0.333333,,11,,,,,-0.048422009,y,,,,
34,Le Roy,2018,raw data,Ectotherm,Osteichthyes,Poecilia_reticulata,Poecilia reticulata,lab,indoor lab,Adult,Female,,,,30,Organism,Locomotor capacity,Ucrit,BL s,y,Exploration,s,0.333333,,10,,,,,-0.553425897,y,,,,
34,Le Roy,2018,raw data,Ectotherm,Osteichthyes,Poecilia_reticulata,Poecilia reticulata,lab,indoor lab,Adult,Male,,,,22,Organism,Locomotor capacity,Ucrit,BL s,y,Exploration,n,0.333333,,10,,,,,0.155696681,n,number of dispersal decisions,,,
34,Le Roy,2018,raw data,Ectotherm,Osteichthyes,Poecilia_reticulata,Poecilia reticulata,lab,indoor lab,Adult,Female,,,,22,Organism,Locomotor capacity,Ucrit,BL s,y,Exploration,n,0.333333,,7,,,,,0.138646434,n,,,,
34,Le Roy,2018,raw data,Ectotherm,Osteichthyes,Poecilia_reticulata,Poecilia reticulata,lab,indoor lab,Adult,Male,,,,30,Organism,Locomotor capacity,Ucrit,BL s,y,Exploration,n,0.333333,,11,,,,,0.374471256,n,,,,
34,Le Roy,2018,raw data,Ectotherm,Osteichthyes,Poecilia_reticulata,Poecilia reticulata,lab,indoor lab,Adult,Female,,,,30,Organism,Locomotor capacity,Ucrit,BL s,y,Exploration,n,0.333333,,10,,,,,-0.319240625,n,,,,
34,Le Roy,2018,raw data,Ectotherm,Osteichthyes,Poecilia_reticulata,Poecilia reticulata,lab,indoor lab,Adult,Male,,,,22,Organism,Locomotor capacity,Ucrit,BL s,y,Activity,m s,0.333333,,10,,,,,-0.27900193,n,,,,
34,Le Roy,2018,raw data,Ectotherm,Osteichthyes,Poecilia_reticulata,Poecilia reticulata,lab,indoor lab,Adult,Female,,,,22,Organism,Locomotor capacity,Ucrit,BL s,y,Activity,m s,0.333333,,7,,,,,0.029188249,n,,,,
34,Le Roy,2018,raw data,Ectotherm,Osteichthyes,Poecilia_reticulata,Poecilia reticulata,lab,indoor lab,Adult,Male,,,,30,Organism,Locomotor capacity,Ucrit,BL s,y,Activity,m s,0.333333,,11,,,,,-0.158366488,n,,,,
34,Le Roy,2018,raw data,Ectotherm,Osteichthyes,Poecilia_reticulata,Poecilia reticulata,lab,indoor lab,Adult,Female,,,,30,Organism,Locomotor capacity,Ucrit,BL s,y,Activity,m s,0.333333,,10,,,,,0.154782525,n,,,,
35,Jahn,2019,raw data,Ectotherm,Osteichthyes,Danio_rerio,Danio rerio,lab,indoor lab,Adult,Mixed,0.7956,,,23,Organism,Locomotor capacity,CoT,W kg,y,Activity,m,0.166667,1,25,,,,,0.441562767,y,,,Cost of transport is a repeatable trait but is not determined by mitochondrial efficiency in zebrafish (Danio rerio),https://jeb.biologists.org/content/222/9/jeb201400.abstract
35,Jahn,2019,raw data,Ectotherm,Osteichthyes,Danio_rerio,Danio rerio,lab,indoor lab,Adult,Mixed,0.7956,,,23,Organism,Locomotor capacity,CoT,W kg,y,Exploration,n,0.166667,1,25,,,,,0.401461331,y,number of dispersal decisions,,,
35,Jahn,2019,raw data,Ectotherm,Osteichthyes,Danio_rerio,Danio rerio,lab,indoor lab,Adult,Mixed,0.826666667,,,23,Cellular,Metabolism,P/O ratio,ratio,y,Activity,m,0.166667,1,20,,,,,0.44583521,n,,,,
35,Jahn,2019,raw data,Ectotherm,Osteichthyes,Danio_rerio,Danio rerio,lab,indoor lab,Adult,Mixed,0.826666667,,,23,Cellular,Metabolism,P/O ratio,ratio,y,Exploration,n,0.166667,1,20,,,,,0.401309947,n,,,,
35,Jahn,2019,raw data,Ectotherm,Osteichthyes,Danio_rerio,Danio rerio,lab,indoor lab,Adult,Mixed,0.826666667,,,23,Cellular,Metabolism,State III,nmol O min mg,y,Activity,m,0.166667,1,20,,,,,-0.270472694,n,,,,
35,Jahn,2019,raw data,Ectotherm,Osteichthyes,Danio_rerio,Danio rerio,lab,indoor lab,Adult,Mixed,0.826666667,,,23,Cellular,Metabolism,State III,nmol O min mg,y,Exploration,n,0.166667,1,20,,,,,-0.294236421,n,,,,
35,Jahn,2019,raw data,Ectotherm,Osteichthyes,Danio_rerio,Danio rerio,lab,indoor lab,Adult,Mixed,0.826666667,,,23,Cellular,Metabolism,State IV,nmol O min mg,y,Activity,m,0.166667,1,20,,,,,0.0908784,n,,,,
35,Jahn,2019,raw data,Ectotherm,Osteichthyes,Danio_rerio,Danio rerio,lab,indoor lab,Adult,Mixed,0.826666667,,,23,Cellular,Metabolism,State IV,nmol O min mg,y,Exploration,n,0.166667,1,20,,,,,0.133134613,n,,,,
36,Rezende,2009,Table 3,Endotherm,Mammalia,Mus_domesticus,Mus musculus domesticus,lab,indoor lab,Adult,Male,35,,,23.5,Organism,Metabolism,Max MR,ml O2 min,n,Activity,m,23.5,0,49,,,,,0.483,n,,,Running Behavior and Its Energy Cost in Mice Selectively Bred for High Voluntary Locomotor Activity,https://www.journals.uchicago.edu/doi/full/10.1086/605917
36,Rezende,2009,Table 3,Endotherm,Mammalia,Mus_domesticus,Mus musculus domesticus,lab,indoor lab,Adult,Male,35,,,23.5,Organism,Metabolism,Routine MR,ml O2 min,n,Activity,m,23.5,0,49,,,,,0.769,n,,,,
36,Rezende,2009,Table 3,Endotherm,Mammalia,Mus_domesticus,Mus musculus domesticus,lab,indoor lab,Adult,Male,35,,,23.5,Organism,Metabolism,Resting MR,ml O2 min,n,Activity,m,23.5,0,49,,,,,0.419,n,,,,
36,Rezende,2009,Table 3,Endotherm,Mammalia,Mus_domesticus,Mus musculus domesticus,lab,indoor lab,Adult,Male,35,,,23.5,Organism,Locomotor capacity,Sprint speed,m min,n,Activity,m,23.5,0,49,,,,,0.34,n,,,,
36,Rezende,2009,Table 3,Endotherm,Mammalia,Mus_domesticus,Mus musculus domesticus,lab,indoor lab,Adult,Male,35,,,23.5,Organism,Metabolism,Max MR,ml O2 min,n,Activity,min,23.5,0,49,,,,,0.368,n,,,,
36,Rezende,2009,Table 3,Endotherm,Mammalia,Mus_domesticus,Mus musculus domesticus,lab,indoor lab,Adult,Male,35,,,23.5,Organism,Metabolism,Routine MR,ml O2 min,n,Activity,min,23.5,0,49,,,,,0.83,n,,,,
36,Rezende,2009,Table 3,Endotherm,Mammalia,Mus_domesticus,Mus musculus domesticus,lab,indoor lab,Adult,Male,35,,,23.5,Organism,Metabolism,Resting MR,ml O2 min,n,Activity,min,23.5,0,49,,,,,0.467,n,,,,
36,Rezende,2009,Table 3,Endotherm,Mammalia,Mus_domesticus,Mus musculus domesticus,lab,indoor lab,Adult,Male,35,,,23.5,Organism,Locomotor capacity,Sprint speed,m min,n,Activity,min,23.5,0,49,,,,,0.098,n,,,,
36,Rezende,2009,Table 3,Endotherm,Mammalia,Mus_domesticus,Mus musculus domesticus,lab,indoor lab,Adult,Female,25,,,23.5,Organism,Metabolism,Max MR,ml O2 min,n,Activity,m,23.5,0,47,,,,,0.526,n,,,,
36,Rezende,2009,Table 3,Endotherm,Mammalia,Mus_domesticus,Mus musculus domesticus,lab,indoor lab,Adult,Female,25,,,23.5,Organism,Metabolism,Routine MR,ml O2 min,n,Activity,m,23.5,0,47,,,,,0.395,n,,,,
36,Rezende,2009,Table 3,Endotherm,Mammalia,Mus_domesticus,Mus musculus domesticus,lab,indoor lab,Adult,Female,25,,,23.5,Organism,Metabolism,Resting MR,ml O2 min,n,Activity,m,23.5,0,47,,,,,-0.023,n,,,,
36,Rezende,2009,Table 3,Endotherm,Mammalia,Mus_domesticus,Mus musculus domesticus,lab,indoor lab,Adult,Female,25,,,23.5,Organism,Locomotor capacity,Sprint speed,m min,n,Activity,m,23.5,0,47,,,,,0.659,n,,,,
36,Rezende,2009,Table 3,Endotherm,Mammalia,Mus_domesticus,Mus musculus domesticus,lab,indoor lab,Adult,Female,25,,,23.5,Organism,Metabolism,Max MR,ml O2 min,n,Activity,min,23.5,0,47,,,,,0.205,n,,,,
36,Rezende,2009,Table 3,Endotherm,Mammalia,Mus_domesticus,Mus musculus domesticus,lab,indoor lab,Adult,Female,25,,,23.5,Organism,Metabolism,Routine MR,ml O2 min,n,Activity,min,23.5,0,47,,,,,0.535,n,,,,
36,Rezende,2009,Table 3,Endotherm,Mammalia,Mus_domesticus,Mus musculus domesticus,lab,indoor lab,Adult,Female,25,,,23.5,Organism,Metabolism,Resting MR,ml O2 min,n,Activity,min,23.5,0,47,,,,,0.169,n,,,,
36,Rezende,2009,Table 3,Endotherm,Mammalia,Mus_domesticus,Mus musculus domesticus,lab,indoor lab,Adult,Female,25,,,23.5,Organism,Locomotor capacity,Sprint speed,m min,n,Activity,min,23.5,0,47,,,,,-0.182,n,,,,
37,Ousterhout,2018,raw data,Ectotherm,Amphibia,Ambystoma_annulatum,Ambystoma annulatum,wild,wild,Juvenile,Mixed,1.406666667,-92.156551,37.693806,,Organism,Condition,Body condition,index,y,Dispersal,m detection,168,0,27,,,,,0.155628672,n,,,Effects of conditionally expressed phenotypes and environment on amphibian dispersal in nature,https://onlinelibrary.wiley.com/doi/full/10.1111/oik.05276
37,Ousterhout,2018,raw data,Ectotherm,Amphibia,Ambystoma_annulatum,Ambystoma annulatum,wild,wild,Juvenile,Mixed,1.406666667,,,,Organism,Condition,Body condition,index,y,Exploration,cm,168,0,27,,,,,0.261021059,n,,,,
38,Bredeweg,2019,raw data,Ectotherm,Amphibia,Anaxyrus_boreas,Anaxyrus boreas boreas,wild,indoor lab,Juvenile,Mixed,0.289485,-122.303267,44.65635,20,Organism,Condition,Body condition,index,y,Activity,m,1,0,60,,,,,0.146745077,n,,,The integrative effects of behavior and morphology on amphibian movement,https://onlinelibrary.wiley.com/doi/full/10.1002/ece3.4837
38,Bredeweg,2019,raw data,Ectotherm,Amphibia,Anaxyrus_boreas,Anaxyrus boreas boreas,wild,indoor lab,Juvenile,Mixed,0.289485,,,20,Organism,Locomotor capacity,Max jump,cm,n,Activity,m,1,0,60,,,,,0.220548388,n,,,,
38,Bredeweg,2019,raw data,Ectotherm,Amphibia,Hyliola_regilla,Pseudacris regilla,wild,indoor lab,Juvenile,Mixed,0.249673333,,,20,Organism,Condition,Body condition,index,y,Activity,m,1,0,60,,,,,0.477018015,n,,,,
38,Bredeweg,2019,raw data,Ectotherm,Amphibia,Hyliola_regilla,Pseudacris regilla,wild,indoor lab,Juvenile,Mixed,0.249673333,,,20,Organism,Locomotor capacity,Max jump,cm,n,Activity,m,1,0,60,,,,,0.343558206,n,,,,
38,Bredeweg,2019,raw data,Ectotherm,Amphibia,Rana_cascadae,Rana cascadae,wild,indoor lab,Juvenile,Mixed,0.335332727,,,20,Organism,Condition,Body condition,index,y,Activity,m,1,0,60,,,,,0.193461615,n,,,,
38,Bredeweg,2019,raw data,Ectotherm,Amphibia,Rana_cascadae,Rana cascadae,wild,indoor lab,Juvenile,Mixed,0.335332727,,,20,Organism,Locomotor capacity,Max jump,cm,n,Activity,m,1,0,60,,,,,0.092690505,n,,,,
39,Serrano,2021,Fig 5,Endotherm,Aves,Neophron_percnopterus,Neophron percnopterus majorensis,wild,wild,Adult,Female,2000,-4.096924,40.940471,,Organism,Condition,Body condition,index,y,Dispersal,m,26280,0,18,,,,,0.2983326,n,distance between the birth site and the nest site where birds attempted to breed for the first time,,Phenotypic and environmental correlates of natal dispersal in a long-lived territorial vulture,https://www.nature.com/articles/s41598-021-84811-8#Tab3
40,Clark,2019,Fig 4,Ectotherm,Osteichthyes,Fundulus_olivaceus,Fundulus olivaceus,wild,wild,Adult,Male,2.11,-88.820599,30.828699,,Organism,Condition,Body condition,index,y,Activity,m,720,14,24,,,,,0.342286294,n,,,Scale dependence of sex?specific movement in a small?bodied stream fish,https://onlinelibrary.wiley.com/doi/full/10.1111/fwb.13309
40,Clark,2019,Fig 4,Ectotherm,Osteichthyes,Fundulus_olivaceus,Fundulus olivaceus,wild,wild,Adult,Female,2.01,,,,Organism,Condition,Body condition,index,y,Activity,m,720,14,24,,,,,-0.004097874,n,,,,
41,Fattebert,2019,raw data,Endotherm,Aves,Athene_noctua,Athene noctua,wild,wild,Adult,Male,137.8477612,,,,Organism,Condition,Body condition,index,y,Dispersal,km,504,,40,,,,,-0.19097,n,distance from natal site,,Experimentally disentangling intrinsic and extrinsic drivers of natal dispersal in a nocturnal raptor,https://royalsocietypublishing.org/doi/full/10.1098/rspb.2019.1537
41,Fattebert,2019,raw data,Endotherm,Aves,Athene_noctua,Athene noctua,wild,wild,Adult,Female,141.4588235,9.193333,48.893333,,Organism,Condition,Body condition,index,y,Dispersal,km,504,,50,,,,,0.014966649,n,,,,
42,Hewison,2021,raw data,Endotherm,Mammalia,Capreolus_capreolus,Capreolus capreolus bedfordi,wild,wild,Juvenile,Male,17491.59225,,,,Organism,Condition,Body condition,index,y,Dispersal,km,2035.2,,68,,,,,0.208187739,n,distance from natal site,,Sex differences in condition dependence of natal dispersal in a large herbivore: dispersal propensity and distance are decoupled,https://royalsocietypublishing.org/doi/full/10.1098/rspb.2020.2947
42,Hewison,2021,raw data,Endotherm,Mammalia,Capreolus_capreolus,Capreolus capreolus bedfordi,wild,wild,Juvenile,Female,16160.40018,0.883333,43.283333,,Organism,Condition,Body condition,index,y,Dispersal,km,2035.2,,78,,,,,0.148176513,n,,,,
43,Searcy,2018,text,Ectotherm,Amphibia,Rana_clamitans,Rana clamitans melanota,wild,wild,Juvenile,Mixed,12.98820059,-79.9,44.05,,Organism,Condition,Body condition,index,y,Dispersal,m,8760,,246,1.9,,,,0.087883885,n,,,Positive correlation between dispersal and body size in Green Frogs (Rana clamitans) naturally colonizing an experimental landscape,https://cdnsciencepub.com/doi/10.1139/cjz-2018-0069?journalCode=cjz#refg6
44,Moore,2016,text,Ectotherm,Amphibia,Ambystoma_tigrinum,Ambystoma tigrinum,wild,wild,Adult,Mixed,,-107.1,39.033333,,Organism,Condition,Body condition,index,y,Dispersal,%,2190,0,157,,3.4,,146,0.150856546,n,likelihood of dispersal,,Natal philopatry varies with larval condition in salamanders,https://link.springer.com/article/10.1007/s00265-016-2133-z
45,Spaan,2019,Table S3,Endotherm,Mammalia,Syncerus_caffer,Syncerus caffer caffer,wild,wild,Adult,Female,450000,31.873859,-24.643521,,Organism,Condition,Body condition,index,y,Dispersal,%,39420,,415,,,,,-0.4,n,likelihood of dispersal,Lower Sabie,"Why did the buffalo cross the park? Resource shortages, but not infections, drive dispersal in female African buffalo (Syncerus caffer)",https://onlinelibrary.wiley.com/doi/full/10.1002/ece3.5145
45,Spaan,2019,Table S3,Endotherm,Mammalia,Syncerus_caffer,Syncerus caffer caffer,wild,wild,Adult,Female,450000,31.772127,-25.293122,,Organism,Condition,Body condition,index,y,Dispersal,%,39420,,508,,,,,-0.53,n,,Crocodile Bridge,,
46,Azpillaga,2018,Fig 7,Endotherm,Aves,Aquila_fasciata,Hieraaetus fasciatus fasciatus,wild,wild,Adult,Female,1784.045333,2.628343,41.656059,,Organism,Condition,Body condition,index,y,Dispersal,km,,,31,,,,,0.261753183,n,,,Effects of rearing conditions on natal dispersal processes in a long?lived predator bird,https://onlinelibrary.wiley.com/doi/full/10.1002/ece3.4165
46,Azpillaga,2018,Fig 7,Endotherm,Aves,Aquila_fasciata,Hieraaetus fasciatus fasciatus,wild,wild,Adult,Male,1425.764556,,,,Organism,Condition,Body condition,index,y,Dispersal,km,,,31,,,,,0.001,n,,,,
47,Garnier,2021,Fig 4,Endotherm,Mammalia,Capra_pyrenaica,Capra pyrenaica hispanica,wild,wild,Adult,Mixed,85000,0.688607,42.851297,,Organism,Condition,Body condition,index,y,Dispersal,km,,,169,,,,,-0.477560038,n,,Spring,"Intrinsic factors, release conditions and presence of conspecifics affect post?release dispersal after translocation of Iberian ibex",https://zslpublications.onlinelibrary.wiley.com/doi/full/10.1111/acv.12669
47,Garnier,2021,Fig 4,Endotherm,Mammalia,Capra_pyrenaica,Capra pyrenaica hispanica,wild,wild,Adult,Mixed,85000,,,,Organism,Condition,Body condition,index,y,Dispersal,km,,,169,,,,,0.393448696,n,,Summer,,
47,Garnier,2021,Fig 4,Endotherm,Mammalia,Capra_pyrenaica,Capra pyrenaica hispanica,wild,wild,Adult,Mixed,85000,,,,Organism,Condition,Body condition,index,y,Dispersal,km,,,169,,,,,0.55071941,n,,Rutting,,
48,Woodroffe,1993,Fig 3,Endotherm,Mammalia,Meles_meles,Meles meles meles,wild,wild,Adult,Male,10000,-1.33197,51.771474,,Macromolecule,Hormone,Testosterone,ng ml,n,Dispersal,%,,,20,,,3.5,6,0.81928803,n,,,"Dispersal and philopatry in the European badger, Meles meles",https://zslpublications.onlinelibrary.wiley.com/doi/abs/10.1111/j.1469-7998.1995.tb02760.x?casa_token=Ancj1mn7hLMAAAAA:xx6kvQ3P-tK_5AJP6Dnb2PyoRB3wNGggdrdyC2RCURKvRbtMhiLtQCGg70P2ipyS5s8LoezlVlqg6DIM
49,Akinyi,2017,Table 2,Endotherm,Mammalia,Papio_cynocephalus,Papio cynocephalus cynocephalus,wild,wild,Adult,Male,23000,,,,Macromolecule,Hormone,Glucocorticoids,ng g,n,Dispersal,%,,,114,,,,,-0.03,n,,,Hormonal correlates of natal dispersal and rank attainment in wild male baboons,https://www.sciencedirect.com/science/article/pii/S0018506X16304329?casa_token=gVScxctWwWEAAAAA:g08M-PMrWnT_bTmtvWWFLy6DkK5zMvnqo9A3hbh8xOCsflriYnms1CVo5pAgM9dR7Bq2uExeKQ
49,Akinyi,2017,Table 3,Endotherm,Mammalia,Papio_cynocephalus,Papio cynocephalus cynocephalus,wild,wild,Adult,Male,23000,37.269448,-2.65691,,Macromolecule,Hormone,Testosterone,ng g,n,Dispersal,%,,,114,,,,,0.02,n,,,,
50,Thorlacius,2015,Fig A2,Ectotherm,Osteichthyes,Neogobius_melanostomus,Neogobius melanostomus,wild,indoor lab,Adult,Male,80,18.798056,54.606667,,Organism,Condition,Body condition,index,y,Exploration,n,20,,50,,,,,-0.299634606,n,number of dispersal decisions,,Behavioral dependent dispersal in the invasive round goby Neogobius melanostomus depends on population age,https://academic.oup.com/cz/article/61/3/529/1786669?login=true
50,Thorlacius,2015,Table A2,Ectotherm,Osteichthyes,Neogobius_melanostomus,Neogobius melanostomus,wild,indoor lab,Adult,Male,80,,,,Organism,Condition,Body condition,index,y,Activity,cm s,,,50,,,,,0.028,n,,,,
51,Louppe,2018,Table 1,Ectotherm,Amphibia,Xenopus_laevis,Xenopus laevis laevis,wild,indoor lab,Adult,Mixed,37.5,-0.304805,46.9485,,Organism,Locomotor capacity,Endurance,s,n,Activity,s,,,53,,,,,0.73,n,,,Differences in standard metabolic rate at the range edge versus the center of an expanding invasive population of Xenopus laevis in the West of France,https://zslpublications.onlinelibrary.wiley.com/doi/full/10.1111/jzo.12548
52,Atwell,2012,text,Endotherm,Aves,Junco_hyemalis,Junco hyemalis aikeni,wild,indoor lab,Adult,Mixed,,-117.166667,32.666667,,Macromolecule,Hormone,Corticosterone,ng ml,y,Exploration,PC1,0.333333,,40,,5.84,,39,-0.360888981,n,,,Boldness behavior and stress physiology in a novel urban environment suggest rapid correlated evolutionary adaptation,https://academic.oup.com/beheco/article/23/5/960/232442
53,Maes,2012,Table 1,Ectotherm,Amphibia,Bufo_calamita,Epidalea calamita,wild,indoor lab,Adult,Mixed,,4.169473,51.116988,,Organism,Locomotor capacity,Endurance,m,y,Exploration,score,0.166667,,118,,,,,0.091,n,minimum convex polygon using all locations of the toadlet during the first minute after latency had passed.,,Individual and among-population variation in dispersal-related traits in Natterjack toads,https://academic.oup.com/beheco/article/24/2/521/250826?login=true#80864461
53,Maes,2012,Table 1,Ectotherm,Amphibia,Bufo_calamita,Epidalea calamita,wild,indoor lab,Adult,Mixed,,,,,Organism,Locomotor capacity,Endurance,m,y,Activity,,0.166667,,118,,,,,0.021,n,,,,
53,Maes,2012,Table 1,Ectotherm,Amphibia,Bufo_calamita,Epidalea calamita,wild,indoor lab,Adult,Mixed,,,,,Organism,Locomotor capacity,Sprint speed,cm min,y,Exploration,score,0.166667,,118,,,,,0.059,n,,,,
53,Maes,2012,Table 1,Ectotherm,Amphibia,Bufo_calamita,Epidalea calamita,wild,indoor lab,Adult,Mixed,,,,,Organism,Locomotor capacity,Sprint speed,cm min,y,Activity,,0.166667,,118,,,,,0.19,n,,,,
53,Maes,2012,Table 1,Ectotherm,Amphibia,Bufo_calamita,Epidalea calamita,wild,wild,Adult,Mixed,,,,,Organism,Locomotor capacity,Endurance,m,y,Exploration,score,0.166667,,118,,,,,-0.029,n,,,,
53,Maes,2012,Table 1,Ectotherm,Amphibia,Bufo_calamita,Epidalea calamita,wild,wild,Adult,Mixed,,,,,Organism,Locomotor capacity,Endurance,m,y,Activity,,0.166667,,118,,,,,0.064,n,,,,
53,Maes,2012,Table 1,Ectotherm,Amphibia,Bufo_calamita,Epidalea calamita,wild,wild,Adult,Mixed,,,,,Organism,Locomotor capacity,Sprint speed,cm min,y,Exploration,score,0.166667,,118,,,,,-0.019,n,,,,
53,Maes,2012,Table 1,Ectotherm,Amphibia,Bufo_calamita,Epidalea calamita,wild,wild,Adult,Mixed,,,,,Organism,Locomotor capacity,Sprint speed,cm min,y,Activity,,0.166667,,118,,,,,0.14,n,,,,
54,Steyn,2016,raw data,Ectotherm,Invertebrate,Ceratitis_capitata,Ceratitis capitata,lab,indoor lab,Juvenile,Mixed,0.006274744,,,25,Organism,Locomotor capacity,Max force,mN,n,Activity,s,1.217222,0,54,,,,,0.676466578,n,,,"Dispersal propensity, but not flight performance, explains variation in dispersal ability",https://royalsocietypublishing.org/doi/full/10.1098/rspb.2016.0905
55,Barbraud,2003,Fig 3,Endotherm,Aves,Phoenicopterus_ruber,Phoenicopterus ruber ruber,wild,wild,Juvenile,Mixed,2317.6,9.333333,39.216667,,Organism,Condition,Body condition,,y,Dispersal,,,,462,,,,,0.873,n,movement from natal area,,Phenotypic correlates of post?fledging dispersal in a population of greater flamingos: the importance of body condition,https://besjournals.onlinelibrary.wiley.com/doi/full/10.1046/j.1365-2656.2003.00695.x
56,Lowe,2006,text,Ectotherm,Amphibia,Gyrinophilus_porphyriticus,Gyrinophilus porphyriticus,wild,wild,Adult,Mixed,,-71.086307,44.917353,,Organism,Condition,Body condition,,y,Dispersal,m,26280,,115,5.69,,,1,0.222437094,n,upstream dispersal,,Self?organisation in streams: the relationship between movement behaviour and body condition in a headwater salamander,https://onlinelibrary.wiley.com/doi/full/10.1111/j.1365-2427.2006.01635.x
57,Liebl,2012,Fig 4,Endotherm,Aves,Passer_domesticus,Passer domesticus domesticus,wild,wild,Adult,Mixed,,39.61201,-4.031752,,Macromolecule,Hormone,Corticosterone,ng ml,y,Dispersal,km,,,88,,2.13,,86,0.155463312,n,,,Exploratory behaviour and stressor hyper-responsiveness facilitate range expansion of an introduced songbird,https://royalsocietypublishing.org/doi/full/10.1098/rspb.2012.1606
58,Niitepold,2009,Fig 1,Ectotherm,Invertebrate,Melitaea_cinxia,Melitaea cinxia,wild,indoor lab,Adult,Mixed,,20.828,60.069,,Organism,Metabolism,Routine MR,residual (ml CO2 min),y,Activity,m,1,,52,,,4.84,51,0.561027551,n,,,Flight metabolic rate and Pgi genotype influence butterfly dispersal rate in the field,https://esajournals.onlinelibrary.wiley.com/doi/full/10.1890/08-1498.1?casa_token=9_tGqLVS8D8AAAAA%3A5ankdJIFzBbIzSBvYJN66shR1apX7RpIFLtDDI_5IqUqZ1VJpthUL5eaAX_hLlXj_hh8SNE9k5V6Dht7
59,Belgard,2017,Fig 3,Ectotherm,Invertebrate,Panopeus_herbstii,Panopeus herbstii,wild,wild,Adult,Female,,-79.166667,33.333333,,Macromolecule,Condition,Glycogen content,ug mg,y,Activity,%,3,,50,,,,,0.1,n,,low complexity,Individual personality associated with interactions between physiological condition and the environment,https://www.sciencedirect.com/science/article/pii/S0003347216302950
59,Belgard,2017,Fig 3,Ectotherm,Invertebrate,Panopeus_herbstii,Panopeus herbstii,wild,wild,Adult,Female,,,,,Macromolecule,Condition,Glycogen content,ug mg,y,Activity,%,3,,50,,,,,0.13,n,,high complexity,,
60,Dubois,2010,text,Ectotherm,Invertebrate,Osmoderma_eremita,Osmoderma eremita,wild,wild,Adult,Female,,0.301305,48.790541,23.2,Organism,Condition,Body condition,,y,Activity,,,,8,6.13,,,1,-0.87535707,n,,,Sex-biased and body condition dependent dispersal capacity in the endangered saproxylic beetle Osmoderma eremita (Coleoptera: Cetoniidae),https://link.springer.com/article/10.1007/s10841-010-9296-0#Sec13
60,Dubois,2010,text,Ectotherm,Invertebrate,Osmoderma_eremita,Osmoderma eremita,wild,indoor lab,Adult,Male,,,,23.2,Organism,Condition,Body condition,,y,Activity,,,,20,4.3,,,1,0.463680925,n,,,,
61,Chappell,2004,Table 2,Endotherm,Mammalia,Peromyscus maniculatus sonoriensis,Peromyscus maniculatus sonoriensis,lab,indoor lab,Adult,Mixed,22.2,,,25,Organism,Metabolism,Max MR,,y,Activity,%,24,0,32,,,,,-0.346,n,,,"Voluntary running in deer mice: speed, distance, energy costs and temperature effects",https://jeb.biologists.org/content/207/22/3839.short
61,Chappell,2004,Table 2,Endotherm,Mammalia,Peromyscus maniculatus sonoriensis,Peromyscus maniculatus sonoriensis,lab,indoor lab,Adult,Mixed,22.2,,,25,Organism,Metabolism,Resting MR,,y,Activity,%,24,0,32,,,,,0.394,n,,,,
61,Chappell,2004,Table 2,Endotherm,Mammalia,Peromyscus maniculatus sonoriensis,Peromyscus maniculatus sonoriensis,lab,indoor lab,Adult,Mixed,22.2,,,25,Organism,Locomotor capacity,Sprint speed,,y,Activity,%,24,0,32,,,,,0.067,n,,,,
62,Lei,2021,raw data,Ectotherm,Reptilia,Varanus salvator,Varanus salvator,wild,wild,Adult,Mixed,4610,103.008381,5.811676,,Organism,Condition,Body condition,,y,Activity,m day,,,5,,,,,-0.333151242,n,,,Spatial Ecology of Asian Water Monitors Adjacent to a Sea Turtle Nesting Beach,https://bioone.org/journals/zoological-science/volume-38/issue-1/zs200071/Spatial-Ecology-of-Asian-Water-Monitors-Adjacent-to-a-Sea/10.2108/zs200071.full
63,Lei,2017,raw data,Ectotherm,Reptilia,Varanus panoptes,Varanus panoptes panoptes,wild,wild,Adult,Male,2500,151.961139,-24.322957,,Organism,Condition,Body condition,,y,Activity,m day,,,18,,,,,0.131389035,n,,,Spatial ecology of yellow-spotted goannas adjacent to a sea turtle nesting beach,https://www.publish.csiro.au/ZO/ZO17006
63,Lei,2017,raw data,Ectotherm,Reptilia,Varanus panoptes,Varanus panoptes panoptes,wild,wild,Adult,Female,860,,,,Organism,Condition,Body condition,,y,Activity,m day,,,5,,,,,0.688120005,n,,,,
64,Plummer,1996,raw data,Ectotherm,Reptilia,Coluber constrictor,Coluber constrictor flaviventris,wild,wild,Adult,Mixed,132,-81.685332,33.515878,,Organism,Metabolism,Field MR,ml CO2 g h,y,Activity,m day,,,7,,,,,-0.328562022,n,,,"Rates of Metabolism and Water Flux in Free-Ranging Racers, Coluber constrictor",https://www.jstor.org/stable/1446937?seq=1#metadata_info_tab_contents
65,Marshall,2019,raw data,Ectotherm,Reptilia,Ophiophagus hannah,Ophiophagus hannah,wild,wild,Juvenile,Mixed,624.76,101.53,14.19,,Organism,Condition,Body condition,,y,Activity,m day,,,4,,,,,0.331473139,n,,,"Space fit for a king: spatial ecology of king cobras (Ophiophagus hannah) in Sakaerat Biosphere Reserve, Northeastern Thailand",https://brill.com/view/journals/amre/40/2/article-p163_3.xml#d17831694e790
65,Marshall,2019,raw data,Ectotherm,Reptilia,Ophiophagus hannah,Ophiophagus hannah,wild,wild,Adult,Mixed,3807.1,101.53,14.19,,Organism,Condition,Body condition,,y,Activity,m day,,,10,,,,,-0.376196105,n,,,,
66,Klug,2011,raw data,Ectotherm,Reptilia,Coluber constrictor flaviventris,Coluber constrictor flaviventris,wild,wild,Adult,Mixed,142.8333333,-96.583333,39.083333,,Organism,Condition,Body condition,,y,Activity,m day,,,12,,,,,-0.056170205,n,,,Spatial Ecology of Eastern Yellow-Bellied Racer (Coluber constrictor flaviventris) and Great Plains Rat Snake (Pantherophis emoryi) in a Contiguous Tallgrass-Prairie Landscape,https://bioone.org/journals/herpetologica/volume-67/issue-4/HERPETOLOGICA-D-10-00076.1/Spatial-Ecology-of-Eastern-Yellow-Bellied-Racer-Coluber-constrictor-flaviventris/10.1655/HERPETOLOGICA-D-10-00076.1.full
66,Klug,2011,raw data,Ectotherm,Reptilia,Pantherophis emoryi,Pantherophis emoryi,wild,wild,Adult,Mixed,256.6666667,-96.583333,39.083333,,Organism,Condition,Body condition,,y,Activity,m day,,,12,,,,,-0.042756836,n,,,,
67,Herrera,2014,Table 2,Ectotherm,Osteichthyes,Sparus aurata,Sparus aurata,lab,indoor lab,Juvenile,Mixed,52.4,,,19,Organism,Metabolism,Routine MR,umol O2 g h ,y,Activity,%,4.5,,23,,,,,0.602,n,,,Linking risk taking and the behavioral and metabolic responses to confinement stress in gilthead seabream Sparus aurata,https://www.sciencedirect.com/science/article/pii/S0168159114000768?casa_token=odadw5UxW1EAAAAA:WdTHX-_Mdutz6TsAyCI9c-5LmdFqfJ03tDPTTp8Hs8Hz0iow5D9BwWCjYy0hpbdrL1vj56qC2Q
67,Herrera,2014,Table 2,Ectotherm,Osteichthyes,Sparus aurata,Sparus aurata,lab,indoor lab,Juvenile,Mixed,52.4,,,19,Organism,Metabolism,Routine MR,umol O2 g h ,y,Exploration,min,4.5,,23,,,,,0.415,y,latency to go to the open area for the first time,,,
68,Killen,2011,Fig 2,Ectotherm,Osteichthyes,Dicentrarchus labrax,Dicentrarchus labrax,lab,indoor lab,Juvenile,Mixed,42.54,,,20,Organism,Metabolism,Routine MR,mg O2 kg h,y,Exploration,s,0.166,,36,,,,,0.1625602,y,time to first appear in new arena,,"Fuel, fasting, fear: routine metabolic rate and food deprivation exert synergistic effects on risk?taking in individual juvenile European sea bass",https://besjournals.onlinelibrary.wiley.com/doi/full/10.1111/j.1365-2656.2011.01844.x
68,Killen,2011,Fig 2,Ectotherm,Osteichthyes,Dicentrarchus labrax,Dicentrarchus labrax,lab,indoor lab,Juvenile,Mixed,42.54,,,20,Organism,Metabolism,Routine MR,mg O2 kg h,y,Activity,n,0.166,,36,,,,,0.1788208,n,,,,
69,Killen,2012,Fig 4,Ectotherm,Osteichthyes,Dicentrarchus labrax,Dicentrarchus labrax,lab,indoor lab,Juvenile,Mixed,81.2,,,22,Organism,Metabolism,Routine MR,mg O2 kg h,y,Exploration,s,1,,23,,,,,0.4304779,y,,under hypoxic conditions,A relationship between metabolic rate and risk?taking behaviour is revealed during hypoxia in juvenile European sea bass,https://besjournals.onlinelibrary.wiley.com/doi/full/10.1111/j.1365-2435.2011.01920.x
69,Killen,2012,Fig 4,Ectotherm,Osteichthyes,Dicentrarchus labrax,Dicentrarchus labrax,lab,indoor lab,Juvenile,Mixed,81.2,,,22,Organism,Metabolism,Routine MR,mg O2 kg h,y,Activity,n,1,,23,,,,,0.4085387,n,,,,
70,Laskowski,2016,Table 2,Ectotherm,Osteichthyes,Esox lucius,Esox lucius,wild,outdoor lab,Adult,Female,1173,13.598353,53.00067,11.5,Organism,Metabolism,Standard MR,mg O2 kg h,y,Activity,PC1,0.5,,60,,,-0.34,1,-0.321902733,n,,,"Behaviour in a standardized assay, but not metabolic or growth rate, predicts behavioural variation in an adult aquatic top predator Esox lucius in the wild",https://onlinelibrary.wiley.com/doi/full/10.1111/jfb.12933?casa_token=ch9C_XXsYsEAAAAA%3AnkwydQHMLnx1m1b8485CwpmJixzSbDD_z4c45zt-Sm1GnruKSzjoF3MOsaPZBuYOR4WJaaEy5t_5-996
70,Laskowski,2016,Table 2,Ectotherm,Osteichthyes,Esox lucius,Esox lucius,wild,outdoor lab,Adult,Female,1173,,,11.5,Organism,Condition,Body condition,,y,Activity,PC1,0.5,,60,,,0.28,1,0.269629926,n,,,,
71,Rogowitz,1999,Table 2,Ectotherm,Amphibia,Eleutherodactylus cooki,Eleutherodactylus cooki,wild,indoor lab,Adult,Male,4.4,-66.002216,18.040253,18,Organism,Metabolism,Resting MR,ml O2 h,y,Activity,cm,,,12,,,,,-0.09,n,,distance after the 6th jump,"Locomotor Performance and Aerobic Capacity of the Cave Coquí, Eleutherodactylus cooki",https://www.jstor.org/stable/1447383?casa_token=kySEv50wjZoAAAAA%3A-6QHzkaph-Yijt5RzFpvvNQ5211t3Kt1oJj1lln36miskMZ5iWIWcjIuCB7Qdi-w1qJLwNcGMrRGoYJy1InTIhippWOQ_zr7kgp6N7vcEC9M88fQ9Xjq&seq=1#metadata_info_tab_contents
71,Rogowitz,1999,Table 2,Ectotherm,Amphibia,Eleutherodactylus cooki,Eleutherodactylus cooki,wild,indoor lab,Adult,Male,4.4,,,18,Organism,Metabolism,Max MR,ml O2 h,y,Activity,cm,,,12,,,,,0.02,n,,,,
71,Rogowitz,1999,Table 2,Ectotherm,Amphibia,Eleutherodactylus cooki,Eleutherodactylus cooki,wild,indoor lab,Adult,Male,4.4,,,18,Organism,Metabolism,Aerobic scope,ratio,y,Activity,cm,,,12,,,,,0.03,n,,,,
71,Rogowitz,1999,Table 2,Ectotherm,Amphibia,Eleutherodactylus cooki,Eleutherodactylus cooki,wild,indoor lab,Adult,Male,4.4,,,18,Organism,Locomotor capacity,Endurance,min,y,Activity,cm,,,12,,,,,0.13,n,,,,
71,Rogowitz,1999,Table 2,Ectotherm,Amphibia,Eleutherodactylus cooki,Eleutherodactylus cooki,wild,indoor lab,Adult,Male,4.4,,,23,Organism,Metabolism,Resting MR,ml O2 h,y,Activity,cm,,,12,,,,,0.5,n,,,,
71,Rogowitz,1999,Table 2,Ectotherm,Amphibia,Eleutherodactylus cooki,Eleutherodactylus cooki,wild,indoor lab,Adult,Male,4.4,,,23,Organism,Metabolism,Max MR,ml O2 h,y,Activity,cm,,,12,,,,,0.01,n,,,,
71,Rogowitz,1999,Table 2,Ectotherm,Amphibia,Eleutherodactylus cooki,Eleutherodactylus cooki,wild,indoor lab,Adult,Male,4.4,,,23,Organism,Metabolism,Aerobic scope,ratio,y,Activity,cm,,,12,,,,,-0.21,n,,,,
71,Rogowitz,1999,Table 2,Ectotherm,Amphibia,Eleutherodactylus cooki,Eleutherodactylus cooki,wild,indoor lab,Adult,Male,4.4,,,23,Organism,Locomotor capacity,Endurance,min,y,Activity,cm,,,12,,,,,-0.29,n,,,,
71,Rogowitz,1999,Table 2,Ectotherm,Amphibia,Eleutherodactylus cooki,Eleutherodactylus cooki,wild,indoor lab,Adult,Male,4.4,,,30,Organism,Metabolism,Resting MR,ml O2 h,y,Activity,cm,,,12,,,,,-0.46,n,,,,
71,Rogowitz,1999,Table 2,Ectotherm,Amphibia,Eleutherodactylus cooki,Eleutherodactylus cooki,wild,indoor lab,Adult,Male,4.4,,,30,Organism,Metabolism,Max MR,ml O2 h,y,Activity,cm,,,12,,,,,-0.27,n,,,,
71,Rogowitz,1999,Table 2,Ectotherm,Amphibia,Eleutherodactylus cooki,Eleutherodactylus cooki,wild,indoor lab,Adult,Male,4.4,,,30,Organism,Metabolism,Aerobic scope,ratio,y,Activity,cm,,,12,,,,,-0.23,n,,,,
71,Rogowitz,1999,Table 2,Ectotherm,Amphibia,Eleutherodactylus cooki,Eleutherodactylus cooki,wild,indoor lab,Adult,Male,4.4,,,30,Organism,Locomotor capacity,Endurance,min,y,Activity,cm,,,12,,,,,-0.002,n,,,,
72,Ros,2006,Table 2,Ectotherm,Osteichthyes,Oreochromis mossambicus,Oreochromis mossambicus,lab,indoor lab,Adult,Male,75.8,,,26,Organism,Metabolism,Routine MR,mmol O2 kg h,y,Activity,%,0.5,,24,,,,,0.76,n,,,"Aggressive behaviour and energy metabolism in a cichlid fish, Oreochromis mossambicus",https://www.sciencedirect.com/science/article/pii/S0031938406002526?casa_token=Qqiq7Ahh0FEAAAAA:KP3SaTAGDkuVG5uX0e8z9GhD4sgm4CLpTLA6WK2L4TYNWKQSaz4o0G6gievdV91BF4Z15ByDmQ
73,Walton,1987,Table 3,Ectotherm,Amphibia,Bufo woodhousei fowleri,Anaxyrus fowleri,wild,outdoor lab,Adult,Mixed,,-87.210937,41.624288,22,Organism,Metabolism,Resting MR,ml O2 h,y,Activity,,,,11,,,,,-0.43,n,,,"Relationships among Metabolic, Locomotory, and Field Measures of Organismal Performance in the Fowler's Toad (Bufo woodhousei fowleri)",https://www.journals.uchicago.edu/doi/pdf/10.1086/physzool.61.2.30156141
73,Walton,1987,Table 3,Ectotherm,Amphibia,Bufo woodhousei fowleri,Anaxyrus fowleri,wild,outdoor lab,Adult,Mixed,,,,22,Organism,Metabolism,Max MR,ml O2 h,y,Activity,,,,11,,,,,0.03,n,,,,
73,Walton,1987,Table 3,Ectotherm,Amphibia,Bufo woodhousei fowleri,Anaxyrus fowleri,wild,outdoor lab,Adult,Mixed,,,,22,Organism,Locomotor capacity,Sprint speed,,y,Activity,,,,11,,,,,0.1,n,,,,
74,Lei,2021,raw data,Ectotherm,Reptilia,Leiolepis belliana,Leiolepis belliana,wild,wild,Adult,Mixed,77.2,103.09,5.408,,Organism,Condition,Body condition,,y,Activity,m day,336,,12,,,,,0.346548073,n,,,The Burrowing Ecology of a Tropical Lizard (Leiolepis belliana),https://bioone.org/journals/herpetologica/volume-77/issue-1/0018-0831-77.1.37/The-Burrowing-Ecology-of-a-Tropical-Lizard-Leiolepis-belliana/10.1655/0018-0831-77.1.37.short
75,Auer,2016,Fig 2,Ectotherm,Osteichthyes,Salmo trutta,Salmo trutta,wild,indoor lab,Juvenile,Mixed,5.7,-3.060494,55.613193,7.5,Organism,Metabolism,Standard MR,residual O2 consumption (mg O2 h),y,Activity,% day,3,,23,,,,,-0.16,n,,,Flexibility in metabolic rate and activity level determines individual variation in overwinter performance,https://link.springer.com/article/10.1007/s00442-016-3697-z
76,Careau,2019,Table 4,Ectotherm,Invertebrate,Gryllus pennsylvanicus,Gryllus pennsylvanicus,wild,indoor lab,Adult,Mixed,0.45,-75.837782,45.499128,25,Organism,Metabolism,Standard MR,ml CO2 min,n,Exploration,s,0.0666667,,62,,,,,-0.1535,y,,,Energy metabolism and personality in wild-caught fall field crickets,https://www.sciencedirect.com/science/article/pii/S0031938418308163
77,Fu,2017,Table 2,Ectotherm,Osteichthyes,Parabramis pekinensis,Parabramis pekinensis,lab,indoor lab,Juvenile,Mixed,7,,,20,Organism,Metabolism,Standard MR,residual O2 consumption (mg O2 h),y,Activity,m,0.333333,,40,,,,,0.061,n,,no predator,Predation threat modifies relationships between metabolism and behavioural traits but not their ecological relevance in Chinese bream,https://www.tandfonline.com/doi/full/10.1080/10236244.2017.1411158
78,Haag,2005,Fig 4,Ectotherm,Invertebrate,Melitaea_cinxia,Melitaea cinxia,wild,wild,Adult,Female,0.13,19.913365,60.190869,,Organism,Metabolism,Max MR,residual CO2 production (ml CO2 h),y,Dispersal,,,,18,,,,,-0.4646272,n,connectivity distance,new population,A candidate locus for variation in dispersal rate in a butterfly metapopulation,https://royalsocietypublishing.org/doi/full/10.1098/rspb.2005.3235
78,Haag,2005,Fig 4,Ectotherm,Invertebrate,Melitaea_cinxia,Melitaea cinxia,wild,wild,Adult,Female,0.13,,,,Organism,Metabolism,Max MR,residual CO2 production (ml CO2 h),y,Dispersal,,,,20,,,,,0.0166696,n,,old population,,
79,Kasumovic,2018,Fig S3,Ectotherm,Invertebrate,Nephila plumipes,Nephila plumipes,wild,indoor lab,Adult,Male,0.01779,151.183,-33.891,,Organism,Locomotor capacity,Sprint speed,mm s,n,Activity,mm s,1,,57,,,,,0.58,n,,,Casual movement speed but not maximal locomotor capacity predicts mate searching success,https://onlinelibrary.wiley.com/doi/full/10.1111/jeb.13239
79,Kasumovic,2018,Fig S3,Ectotherm,Invertebrate,Nephila plumipes,Nephila plumipes,wild,indoor lab,Adult,Male,0.01779,,,,Organism,Metabolism,Aerobic scope,,y,Activity,mm s,1,,57,,,,,0.82,n,,,,
80,Meylan,2002,text,Ectotherm,Reptilia,Zootoca vivipara,Zootoca vivipara,wild,outdoor lab,Juvenile,Mixed,,3.74182,44.42412,,Organism,Condition,Body condition,,y,Dispersal,n patches,120,,256,3.64,,,,0.1192424,n,Experimental runways,,Stress and Body Condition as Prenatal and Postnatal Determinants of Dispersal in the Common Lizard (Lacerta vivipara),https://www.sciencedirect.com/science/article/pii/S0018506X02918271
81,Parthasarathy,2018,text,Ectotherm,Invertebrate,Stegodyphus sarasinorum,Stegodyphus sarasinorum,wild,wild,Adult,Female,,77.37,8.22,,Organism,Condition,Body condition,,y,Dispersal,,24,,27,,,,,-0.003,n,Score for unconnectedness to the natal colonies,,Body condition and food shapes group dispersal but not solitary dispersal in a social spider,https://academic.oup.com/beheco/article/29/3/619/4906611?login=true
82,Schliehe-Dieck,2012,Fig 5,Endotherm,Mammalia,Microcebus murinus,Microcebus murinus,wild,wild,Adult,Mixed,50,44.164662,-20.757082,,Organism,Condition,Body condition,,y,Dispersal,m,,,19,,,,,0.149354752,n,movement away from natal environment,,Sex-specific differences in dispersal propensities and their consequences for grey mouse lemurs (Microcebus murinus),https://d-nb.info/1042529779/34
83,Addis,2019,text,Ectotherm,Amphibia,Gyrinophilus_porphyriticus,Gyrinophilus porphyriticus,wild,wild,Adult,Mixed,,-71.75,43.933333,,Organism,Locomotor capacity,Sprint speed,m s,n,Dispersal,m,,,50,,,-0.41,50,0.057885532,n,distinct movement away from HR,,A distance–performance trade?off in the phenotypic basis of dispersal,https://onlinelibrary.wiley.com/doi/full/10.1002/ece3.5583
84,Crino,2017,text,Endotherm,Aves,Taeniopygia guttata,Taeniopygia guttata,wild,indoor lab,Adult,Female,,141.835,-31.0525,,Organism,Condition,Body condition,,y,Exploration,s,0.5,,51,0.58,,,1,-0.106642154,y,time to new feeder,,"Stress reactivity, condition, and foraging behavior in zebra finches: effects on boldness, exploration, and sociality",https://www.sciencedirect.com/science/article/pii/S0016648016300144#b0170
85,Baugh,2012,Fig 3,Endotherm,Aves,Parus_major,Parus major,lab,indoor lab,Adult,Mixed,,,,,Macromolecule,Hormone,Corticosterone,ng ml,n,Exploration,score,,,68,,,,,-0.1437098,n,,,Corticosterone responses differ between lines of great tits (Parus major) selected for divergent personalities,https://www.sciencedirect.com/science/article/pii/S0016648011004692
86,Baugh,2017,text,Endotherm,Aves,Parus_major,Parus major,wild,wild,Adult,Mixed,,5.841667,52.010556,,Macromolecule,Hormone,Corticosterone,ng ml,n,Exploration,score,,,85,,1.1,,82,0.115052439,n,,,Temporal dynamics of the HPA axis linked to exploratory behavior in a wild European songbird (Parus major),https://www.sciencedirect.com/science/article/pii/S0016648017300618
87,Kluen,2014,Table 2,Endotherm,Aves,Cyanistes caeruleus,Cyanistes caeruleus,wild,wild,Adult,Mixed,,23.516667,60.016667,,Macromolecule,Immunity,WBC,n,n,Activity,n,0.333333,,485,,,,,0.065,n,,phenotypic,Testing for between individual correlations of personality and physiological traits in a wild bird,https://link.springer.com/article/10.1007/s00265-013-1635-1
87,Kluen,2014,Table 2,Endotherm,Aves,Cyanistes caeruleus,Cyanistes caeruleus,wild,wild,Adult,Mixed,,,,,Cellular,Cardiovascular,Haematocrit,%,n,Activity,n,0.333333,,485,,,,,0.015,n,,phenotypic,,
87,Kluen,2014,Table 2,Endotherm,Aves,Cyanistes caeruleus,Cyanistes caeruleus,wild,wild,Adult,Mixed,,,,,Macromolecule,Immunity,WBC,n,n,Activity,n,0.333333,,485,,,,,0.17,n,,among,,
87,Kluen,2014,Table 2,Endotherm,Aves,Cyanistes caeruleus,Cyanistes caeruleus,wild,wild,Adult,Mixed,,,,,Macromolecule,Cardiovascular,Haematocrit,%,n,Activity,n,0.333333,,485,,,,,-0.13,n,,among,,
88,Seebacher,2021,raw data,Ectotherm,Osteichthyes,Gambusia_affinis,Gambusia affinis,wild,indoor lab,Adult,Male,0.16,151.247778,-33.775833,18,Organism,Locomotor capacity,Ucrit,BL s,y,Activity,m s,0.333333,,12,,,,,-0.47937212,n,,,"Water flow and temperature interact to determine oxidative status, swimming performance, and dispersal of mosquitofish (Gambusia holbrooki)",https://onlinelibrary.wiley.com/doi/full/10.1111/fwb.13722
88,Seebacher,2021,raw data,Ectotherm,Osteichthyes,Gambusia_affinis,Gambusia affinis,wild,indoor lab,Adult,Male,0.16,,,28,Organism,Locomotor capacity,Ucrit,BL s,y,Activity,m s,0.333333,,13,,,,,-0.075425553,n,,,,
88,Seebacher,2021,raw data,Ectotherm,Osteichthyes,Gambusia_affinis,Gambusia affinis,wild,indoor lab,Adult,Male,0.16,,,18,Organism,Locomotor capacity,Ucrit,BL s,y,Activity,m s,0.333333,,11,,,,,0.12332218,n,,,,
88,Seebacher,2021,raw data,Ectotherm,Osteichthyes,Gambusia_affinis,Gambusia affinis,wild,indoor lab,Adult,Male,0.16,,,28,Organism,Locomotor capacity,Ucrit,BL s,y,Activity,m s,0.333333,,13,,,,,0.459849425,n,,,,
88,Seebacher,2021,raw data,Ectotherm,Osteichthyes,Gambusia_affinis,Gambusia affinis,wild,indoor lab,Adult,Male,0.16,,,18,Organism,Locomotor capacity,Ucrit,BL s,y,Exploration,n,0.333333,,12,,,,,-0.57873268,n,# dispersal decisions,,,
88,Seebacher,2021,raw data,Ectotherm,Osteichthyes,Gambusia_affinis,Gambusia affinis,wild,indoor lab,Adult,Male,0.16,,,28,Organism,Locomotor capacity,Ucrit,BL s,y,Exploration,n,0.333333,,13,,,,,0.680148109,n,,,,
88,Seebacher,2021,raw data,Ectotherm,Osteichthyes,Gambusia_affinis,Gambusia affinis,wild,indoor lab,Adult,Male,0.16,,,18,Organism,Locomotor capacity,Ucrit,BL s,y,Exploration,n,0.333333,,11,,,,,-0.117881554,n,,,,
88,Seebacher,2021,raw data,Ectotherm,Osteichthyes,Gambusia_affinis,Gambusia affinis,wild,indoor lab,Adult,Male,0.16,,,28,Organism,Locomotor capacity,Ucrit,BL s,y,Exploration,n,0.333333,,13,,,,,0.349324028,n,,,,
88,Seebacher,2021,raw data,Ectotherm,Osteichthyes,Gambusia_affinis,Gambusia affinis,wild,indoor lab,Adult,Male,0.16,,,18,Organism,Locomotor capacity,Ucrit,BL s,y,Exploration,s,0.333333,,12,,,,,-0.771357488,y,time to leave first pool (s) after barrier was lifte,,,
88,Seebacher,2021,raw data,Ectotherm,Osteichthyes,Gambusia_affinis,Gambusia affinis,wild,indoor lab,Adult,Male,0.16,,,28,Organism,Locomotor capacity,Ucrit,BL s,y,Exploration,s,0.333333,,13,,,,,0.308881721,y,,,,
88,Seebacher,2021,raw data,Ectotherm,Osteichthyes,Gambusia_affinis,Gambusia affinis,wild,indoor lab,Adult,Male,0.16,,,18,Organism,Locomotor capacity,Ucrit,BL s,y,Exploration,s,0.333333,,11,,,,,-0.334129992,y,,,,
88,Seebacher,2021,raw data,Ectotherm,Osteichthyes,Gambusia_affinis,Gambusia affinis,wild,indoor lab,Adult,Male,0.16,,,28,Organism,Locomotor capacity,Ucrit,BL s,y,Exploration,s,0.333333,,13,,,,,0.311889196,y,,,,
