study_ID,author_first,year,extracted,thermal_strategy,taxa,species,species_OTL,disp_mode,type,core,front,age,sex,mean_mass_g,lon_core,lat_core,lon_front,lat_front,dist_km,time_core,time_front,time_diff_y,dispersal_rate_km_y,rainfall_core_mm_y,rainfall_front_mm_y,rainfall_diff,temp_core,temp_front,temp_diff,exp_temp,bio_hier,trait,response,response_unit,mean_core,sd_core,se_core,n_core,mean_front,sd_front,se_front,n_front,shared_control,lnRR,notes,title,ref
1,Tracy,2012,Table 2,Ectotherm,Amphibia,Rhinella_marina,Rhinella marina,Terrestrial,Invasive,Cairns,Borroloola,Adult,Mixed,99.5,145.7341,-16.890663,136.307907,-16.084122,1486,1936,1988,52,28.57692308,2191.6,843.1,-1348.5,24.7,26.9,2.2,30,Organism,Metabolism,Standard MR,ml O2 h,4.98,1.91,0.854177967,5,6.68,2.4,0.848528137,8,2,0.293688097,,Cane toads lack physiological enhancements for dispersal at the invasive front in Northern Australia,https://bio.biologists.org/content/1/1/37
1,Tracy,2012,Table 2,Ectotherm,Amphibia,Rhinella_marina,Rhinella marina,Terrestrial,Invasive,Cairns,Timber Creek,Adult,Mixed,109.7,145.7341,-16.890663,130.482028,-15.637537,2226,1936,2006,70,31.8,2191.6,649.5,-1542.1,24.7,28,3.3,30,Organism,Metabolism,Standard MR,ml O2 h,4.98,1.91,0.854177967,5,8.09,4.03,1.424820164,8,2,0.48519884,,,
1,Tracy,2012,Table 2,Ectotherm,Amphibia,Rhinella_marina,Rhinella marina,Terrestrial,Invasive,Cairns,Borroloola,Adult,Mixed,99.5,145.7341,-16.890663,136.307907,-16.084122,1486,1936,1988,52,28.57692308,2191.6,843.1,-1348.5,24.7,26.9,2.2,30,Organism,Metabolism,Max MR,ml O2 h,35.9,4.94,2.209235162,5,29.3,8.83,3.121876439,8,2,-0.203149779,,,
1,Tracy,2012,Table 2,Ectotherm,Amphibia,Rhinella_marina,Rhinella marina,Terrestrial,Invasive,Cairns,Timber Creek,Adult,Mixed,109.7,145.7341,-16.890663,130.482028,-15.637537,2226,1936,2006,70,31.8,2191.6,649.5,-1542.1,24.7,28,3.3,30,Organism,Metabolism,Max MR,ml O2 h,35.9,4.94,2.209235162,5,48.2,6.61,2.336987912,8,2,0.294621726,,,
1,Tracy,2012,Table 2,Ectotherm,Amphibia,Rhinella_marina,Rhinella marina,Terrestrial,Invasive,Cairns,Borroloola,Adult,Mixed,99.5,145.7341,-16.890663,136.307907,-16.084122,1486,1936,1988,52,28.57692308,2191.6,843.1,-1348.5,24.7,26.9,2.2,15,Organism,Locomotor capacity,Sprint speed,cm s,10,1.3,0.581377674,5,9.4,1.2,0.424264069,8,2,-0.061875404,,,
1,Tracy,2012,Table 2,Ectotherm,Amphibia,Rhinella_marina,Rhinella marina,Terrestrial,Invasive,Cairns,Timber Creek,Adult,Mixed,109.7,145.7341,-16.890663,130.482028,-15.637537,2226,1936,2006,70,31.8,2191.6,649.5,-1542.1,24.7,28,3.3,15,Organism,Locomotor capacity,Sprint speed,cm s,10,1.3,0.581377674,5,9.9,0.9,0.318198052,8,2,-0.010050336,,,
1,Tracy,2012,Table 2,Ectotherm,Amphibia,Rhinella_marina,Rhinella marina,Terrestrial,Invasive,Cairns,Borroloola,Adult,Mixed,99.5,145.7341,-16.890663,136.307907,-16.084122,1486,1936,1988,52,28.57692308,2191.6,843.1,-1348.5,24.7,26.9,2.2,20,Organism,Locomotor capacity,Sprint speed,cm s,23,3.1,1.386362146,5,21.7,5.5,1.944543648,8,2,-0.058181955,,,
1,Tracy,2012,Table 2,Ectotherm,Amphibia,Rhinella_marina,Rhinella marina,Terrestrial,Invasive,Cairns,Timber Creek,Adult,Mixed,109.7,145.7341,-16.890663,130.482028,-15.637537,2226,1936,2006,70,31.8,2191.6,649.5,-1542.1,24.7,28,3.3,20,Organism,Locomotor capacity,Sprint speed,cm s,23,3.1,1.386362146,5,22,3.4,1.202081528,8,2,-0.044451763,,,
1,Tracy,2012,Table 2,Ectotherm,Amphibia,Rhinella_marina,Rhinella marina,Terrestrial,Invasive,Cairns,Borroloola,Adult,Mixed,99.5,145.7341,-16.890663,136.307907,-16.084122,1486,1936,1988,52,28.57692308,2191.6,843.1,-1348.5,24.7,26.9,2.2,25,Organism,Locomotor capacity,Sprint speed,cm s,30.8,6.6,2.95160973,5,31,9.3,3.288046533,8,2,0.006472515,,,
1,Tracy,2012,Table 2,Ectotherm,Amphibia,Rhinella_marina,Rhinella marina,Terrestrial,Invasive,Cairns,Timber Creek,Adult,Mixed,109.7,145.7341,-16.890663,130.482028,-15.637537,2226,1936,2006,70,31.8,2191.6,649.5,-1542.1,24.7,28,3.3,25,Organism,Locomotor capacity,Sprint speed,cm s,30.8,6.6,2.95160973,5,27.5,7.5,2.651650429,8,2,-0.113328685,,,
1,Tracy,2012,Table 2,Ectotherm,Amphibia,Rhinella_marina,Rhinella marina,Terrestrial,Invasive,Cairns,Borroloola,Adult,Mixed,99.5,145.7341,-16.890663,136.307907,-16.084122,1486,1936,1988,52,28.57692308,2191.6,843.1,-1348.5,24.7,26.9,2.2,30,Organism,Locomotor capacity,Sprint speed,cm s,44.1,10.8,4.829906831,5,40.3,6.5,2.298097039,8,2,-0.090108314,,,
1,Tracy,2012,Table 2,Ectotherm,Amphibia,Rhinella_marina,Rhinella marina,Terrestrial,Invasive,Cairns,Timber Creek,Adult,Mixed,109.7,145.7341,-16.890663,130.482028,-15.637537,2226,1936,2006,70,31.8,2191.6,649.5,-1542.1,24.7,28,3.3,30,Organism,Locomotor capacity,Sprint speed,cm s,44.1,10.8,4.829906831,5,33.7,13.2,4.666904756,8,2,-0.268961945,,,
1,Tracy,2012,Table 2,Ectotherm,Amphibia,Rhinella_marina,Rhinella marina,Terrestrial,Invasive,Cairns,Borroloola,Adult,Mixed,99.5,145.7341,-16.890663,136.307907,-16.084122,1486,1936,1988,52,28.57692308,2191.6,843.1,-1348.5,24.7,26.9,2.2,35,Organism,Locomotor capacity,Sprint speed,cm s,33.8,7.3,3.264659247,5,29.6,6.4,2.2627417,8,2,-0.132686441,,,
1,Tracy,2012,Table 2,Ectotherm,Amphibia,Rhinella_marina,Rhinella marina,Terrestrial,Invasive,Cairns,Timber Creek,Adult,Mixed,109.7,145.7341,-16.890663,130.482028,-15.637537,2226,1936,2006,70,31.8,2191.6,649.5,-1542.1,24.7,28,3.3,35,Organism,Locomotor capacity,Sprint speed,cm s,33.8,7.3,3.264659247,5,25.7,3.6,1.272792206,8,2,-0.273969811,,,
1,Tracy,2012,Table 2,Ectotherm,Amphibia,Rhinella_marina,Rhinella marina,Terrestrial,Invasive,Cairns,Borroloola,Adult,Mixed,99.5,145.7341,-16.890663,136.307907,-16.084122,1486,1936,1988,52,28.57692308,2191.6,843.1,-1348.5,24.7,26.9,2.2,,Organism,Thermal tolerance,CTmin,degree celsius,11.3,0.7,0.313049517,5,10.9,0.7,0.247487373,8,2,-0.036039936,,,
1,Tracy,2012,Table 2,Ectotherm,Amphibia,Rhinella_marina,Rhinella marina,Terrestrial,Invasive,Cairns,Timber Creek,Adult,Mixed,109.7,145.7341,-16.890663,130.482028,-15.637537,2226,1936,2006,70,31.8,2191.6,649.5,-1542.1,24.7,28,3.3,,Organism,Thermal tolerance,CTmin,degree celsius,11.3,0.7,0.313049517,5,10.4,0.8,0.282842712,8,2,-0.08299692,,,
1,Tracy,2012,Table 2,Ectotherm,Amphibia,Rhinella_marina,Rhinella marina,Terrestrial,Invasive,Cairns,Borroloola,Adult,Mixed,99.5,145.7341,-16.890663,136.307907,-16.084122,1486,1936,1988,52,28.57692308,2191.6,843.1,-1348.5,24.7,26.9,2.2,,Organism,Thermal tolerance,CTmax,degree celsius,39.1,1,0.447213595,5,40,0.9,0.318198052,8,2,0.022756987,,,
1,Tracy,2012,Table 2,Ectotherm,Amphibia,Rhinella_marina,Rhinella marina,Terrestrial,Invasive,Cairns,Timber Creek,Adult,Mixed,109.7,145.7341,-16.890663,130.482028,-15.637537,2226,1936,2006,70,31.8,2191.6,649.5,-1542.1,24.7,28,3.3,,Organism,Thermal tolerance,CTmax,degree celsius,39.1,1,0.447213595,5,39.5,0.5,0.176776695,8,2,0.010178205,,,
1,Tracy,2012,Fig 1,Ectotherm,Amphibia,Rhinella_marina,Rhinella marina,Terrestrial,Invasive,Cairns,Borroloola,Adult,Mixed,99.5,145.7341,-16.890663,136.307907,-16.084122,1486,1936,1988,52,28.57692308,2191.6,843.1,-1348.5,24.7,26.9,2.2,24,Organism,Locomotor capacity,Endurance,min,114.9206349,16.29672576,6.65311043,6,39.28571429,14.80217242,5.233358248,8,2,-1.07338081,,,
1,Tracy,2012,Fig 1,Ectotherm,Amphibia,Rhinella_marina,Rhinella marina,Terrestrial,Invasive,Cairns,Timber Creek,Adult,Mixed,109.7,145.7341,-16.890663,130.482028,-15.637537,2226,1936,2006,70,31.8,2191.6,649.5,-1542.1,24.7,28,3.3,24,Organism,Locomotor capacity,Endurance,min,114.9206349,16.29672576,6.65311043,6,53.17460317,14.41650883,5.097005578,8,2,-0.770660861,,,
1,Tracy,2012,Table 3,Ectotherm,Amphibia,Rhinella_marina,Rhinella marina,Terrestrial,Invasive,Cairns,Borroloola,Adult,Mixed,99.5,145.7341,-16.890663,136.307907,-16.084122,1486,1936,1988,52,28.57692308,2191.6,843.1,-1348.5,24.7,26.9,2.2,,Cellular,Cardiovascular,Haematocrit,%,0.27,0.06,,5,0.19,0.04,,8,2,-0.351397887,,,
1,Tracy,2012,Table 3,Ectotherm,Amphibia,Rhinella_marina,Rhinella marina,Terrestrial,Invasive,Cairns,Timber Creek,Adult,Mixed,109.7,145.7341,-16.890663,130.482028,-15.637537,2226,1936,2006,70,31.8,2191.6,649.5,-1542.1,24.7,28,3.3,,Cellular,Cardiovascular,Haematocrit,%,0.27,0.06,,5,0.25,0.04,,8,2,-0.076961041,,,
1,Tracy,2012,Table 3,Ectotherm,Amphibia,Rhinella_marina,Rhinella marina,Terrestrial,Invasive,Cairns,Borroloola,Adult,Mixed,99.5,145.7341,-16.890663,136.307907,-16.084122,1486,1936,1988,52,28.57692308,2191.6,843.1,-1348.5,24.7,26.9,2.2,,Cellular,Cardiovascular,Haemoglobin,g l,70.41,10.65,,5,40.96,9.6,,8,2,-0.541739318,,,
1,Tracy,2012,Table 3,Ectotherm,Amphibia,Rhinella_marina,Rhinella marina,Terrestrial,Invasive,Cairns,Timber Creek,Adult,Mixed,109.7,145.7341,-16.890663,130.482028,-15.637537,2226,1936,2006,70,31.8,2191.6,649.5,-1542.1,24.7,28,3.3,,Cellular,Cardiovascular,Haemoglobin,g l,70.41,10.65,,5,60.86,8.3,,8,2,-0.145759154,,,
1,Tracy,2012,Table 3,Ectotherm,Amphibia,Rhinella_marina,Rhinella marina,Terrestrial,Invasive,Cairns,Borroloola,Adult,Mixed,99.5,145.7341,-16.890663,136.307907,-16.084122,1486,1936,1988,52,28.57692308,2191.6,843.1,-1348.5,24.7,26.9,2.2,25,Macromolecule,Metabolic enzyme,Muscle citrate synthase,umol min g,5.45,1.03,,5,3.37,0.92,,8,2,-0.480702864,,,
1,Tracy,2012,Table 3,Ectotherm,Amphibia,Rhinella_marina,Rhinella marina,Terrestrial,Invasive,Cairns,Timber Creek,Adult,Mixed,109.7,145.7341,-16.890663,130.482028,-15.637537,2226,1936,2006,70,31.8,2191.6,649.5,-1542.1,24.7,28,3.3,25,Macromolecule,Metabolic enzyme,Muscle citrate synthase,umol min g,5.45,1.03,,5,3.85,1.22,,8,2,-0.34754246,,,
1,Tracy,2012,Table 3,Ectotherm,Amphibia,Rhinella_marina,Rhinella marina,Terrestrial,Invasive,Cairns,Borroloola,Adult,Mixed,99.5,145.7341,-16.890663,136.307907,-16.084122,1486,1936,1988,52,28.57692308,2191.6,843.1,-1348.5,24.7,26.9,2.2,25,Macromolecule,Metabolic enzyme,Muscle lactate dehydrogenase,umol min g,273.7,24.1,,5,186.5,68,,8,2,-0.383601377,,,
1,Tracy,2012,Table 3,Ectotherm,Amphibia,Rhinella_marina,Rhinella marina,Terrestrial,Invasive,Cairns,Timber Creek,Adult,Mixed,109.7,145.7341,-16.890663,130.482028,-15.637537,2226,1936,2006,70,31.8,2191.6,649.5,-1542.1,24.7,28,3.3,25,Macromolecule,Metabolic enzyme,Muscle lactate dehydrogenase,umol min g,273.7,24.1,,5,240.4,89.9,,8,2,-0.129728413,,,
2,Kosmala,2017,raw data,Ectotherm,Amphibia,Rhinella_marina,Rhinella marina,Terrestrial,Invasive,Townsville,Kununurra ,Adult,Female,83.52727273,146.817878,-19.257622,128.74,-15.774167,2527,1935,2011,76,33.25,1111,720,-391,24.1,28.8,4.7,35,Organism,Activity,Activity,cm SVL,9668.545455,1330.57748,,11,9343.5,2861.443007,,12,7,-0.034196965,,Locomotor performance of cane toads differs between native-range and invasive populations,https://royalsocietypublishing.org/doi/full/10.1098/rsos.170517
2,Kosmala,2017,raw data,Ectotherm,Amphibia,Rhinella_marina,Rhinella marina,Terrestrial,Invasive,Townsville,Oombulgurri,Adult,Female,136.34375,146.817878,-19.257622,127.845,-15.180278,2839,1935,2013,78,36.3974359,1111,718,-393,24.1,29.4,5.3,35,Organism,Activity,Activity,cm SVL,9668.545455,1330.57748,,11,10961.33333,2059.818331,,15,7,0.125496049,,,
2,Kosmala,2017,raw data,Ectotherm,Amphibia,Rhinella_marina,Rhinella marina,Terrestrial,Invasive,Townsville,Leaning Tree Lagoon,Adult,Female,163.975,146.817878,-19.257622,131.420222,-12.707222,2530,1935,2006,71,35.63380282,1111,1500,389,24.1,27.2,3.1,35,Organism,Activity,Activity,cm SVL,9668.545455,1330.57748,,11,9901.25,1372.947901,,8,7,0.023783132,,,
2,Kosmala,2017,raw data,Ectotherm,Amphibia,Rhinella_marina,Rhinella marina,Terrestrial,Invasive,Townsville,Katherine ,Adult,Female,153.5833333,146.817878,-19.257622,132.260106,-14.463558,2189,1935,2010,75,29.18666667,1111,1009,-102,24.1,27.5,3.4,35,Organism,Activity,Activity,cm SVL,9668.545455,1330.57748,,11,12103.33333,2269.505575,,12,7,0.224603017,,,
2,Kosmala,2017,raw data,Ectotherm,Amphibia,Rhinella_marina,Rhinella marina,Terrestrial,Invasive,Townsville,Charters Towers,Adult,Female,106.2583333,146.817878,-19.257622,146.258519,-20.076267,137,1935,1953,18,7.611111111,1111,692,-419,24.1,23.2,-0.9,35,Organism,Activity,Activity,cm SVL,9668.545455,1330.57748,,11,10319.83333,1896.589827,,12,7,0.06518973,,,
2,Kosmala,2017,raw data,Ectotherm,Amphibia,Rhinella_marina,Rhinella marina,Terrestrial,Invasive,Townsville,Brooms Head,Adult,Female,111.4,146.817878,-19.257622,153.335825,-29.606344,1712,1935,2005,70,24.45714286,1111,1471,360,24.1,19.2,-4.9,35,Organism,Activity,Activity,cm SVL,9668.545455,1330.57748,,11,11476.33333,1157.233147,,6,7,0.171409064,,,
2,Kosmala,2017,raw data,Ectotherm,Amphibia,Rhinella_marina,Rhinella marina,Terrestrial,Invasive,Townsville,Tabbimoble,Adult,Female,113.28875,146.817878,-19.257622,153.270408,-29.199608,1570,1935,2010,75,20.93333333,1111,1558,447,24.1,19.4,-4.7,35,Organism,Activity,Activity,cm SVL,9668.545455,1330.57748,,11,11270.5,1003.918199,,8,7,0.153310813,,,
2,Kosmala,2017,raw data,Ectotherm,Amphibia,Rhinella_marina,Rhinella marina,Terrestrial,Invasive,Townsville,Kununurra ,Adult,Male,91.72857143,146.817878,-19.257622,128.74,-15.774167,2527,1935,2011,76,33.25,1111,720,-391,24.1,28.8,4.7,35,Organism,Activity,Activity,cm SVL,10135.66667,2443.921553,,6,10572.28571,2054.52071,,7,6,0.042175466,,,
2,Kosmala,2017,raw data,Ectotherm,Amphibia,Rhinella_marina,Rhinella marina,Terrestrial,Invasive,Townsville,Leaning Tree Lagoon,Adult,Male,147.26,146.817878,-19.257622,131.420222,-12.707222,2530,1935,2006,71,35.63380282,1111,1500,389,24.1,27.2,3.1,35,Organism,Activity,Activity,cm SVL,10135.66667,2443.921553,,6,11425,1568.17888,,10,6,0.11974338,,,
2,Kosmala,2017,raw data,Ectotherm,Amphibia,Rhinella_marina,Rhinella marina,Terrestrial,Invasive,Townsville,Katherine ,Adult,Male,94.17142857,146.817878,-19.257622,132.260106,-14.463558,2189,1935,2010,75,29.18666667,1111,1009,-102,24.1,27.5,3.4,35,Organism,Activity,Activity,cm SVL,10135.66667,2443.921553,,6,12830,743.0054797,,7,6,0.235725622,,,
2,Kosmala,2017,raw data,Ectotherm,Amphibia,Rhinella_marina,Rhinella marina,Terrestrial,Invasive,Townsville,Charters Towers,Adult,Male,94.32857143,146.817878,-19.257622,146.258519,-20.076267,137,1935,1953,18,7.611111111,1111,692,-419,24.1,23.2,-0.9,35,Organism,Activity,Activity,cm SVL,10135.66667,2443.921553,,6,11127.14286,1890.47382,,6,6,0.093326869,,,
2,Kosmala,2017,raw data,Ectotherm,Amphibia,Rhinella_marina,Rhinella marina,Terrestrial,Invasive,Townsville,Brooms Head,Adult,Male,107.025,146.817878,-19.257622,153.335825,-29.606344,1712,1935,2005,70,24.45714286,1111,1471,360,24.1,19.2,-4.9,35,Organism,Activity,Activity,cm SVL,10135.66667,2443.921553,,6,11661.5,1507.989639,,4,6,0.140232261,,,
2,Kosmala,2017,raw data,Ectotherm,Amphibia,Rhinella_marina,Rhinella marina,Terrestrial,Invasive,Townsville,Tabbimoble,Adult,Male,93.45,146.817878,-19.257622,153.270408,-29.199608,1570,1935,2010,75,20.93333333,1111,1558,447,24.1,19.4,-4.7,35,Organism,Activity,Activity,cm SVL,10135.66667,2443.921553,,6,12776.5,1503.394409,,4,6,0.23154699,,,
3,Vimercati,2018,raw data,Ectotherm,Amphibia,Sclerophrys_gutturalis,Sclerophrys gutturalis,Terrestrial,Invasive,Durban,Cape Town,Adult,Male,32.21466667,31.016667,-29.783333,18.416667,-34.016667,1635,,2000,,,1012.8,1034.2,21.4,24.1627907,22.35,-1.812790698,,Organism,Thermal tolerance,CTmin,degree celsius,7.82,1.586064311,,10,6.926666667,1.174998818,,15,1,0.121305858,,Rapid adaptive response to a Mediterranean environment reduces phenotypic mismatch in a recent amphibian invader,https://jeb.biologists.org/content/221/9/jeb174797
3,Vimercati,2018,raw data,Ectotherm,Amphibia,Sclerophrys_gutturalis,Sclerophrys gutturalis,Terrestrial,Invasive,Durban,Cape Town,Adult,Female,50.708,31.016667,-29.783333,18.416667,-34.016667,1635,,2000,,,1012.8,1034.2,21.4,24.1627907,22.35,-1.812790698,,Organism,Thermal tolerance,CTmin,degree celsius,8.57,2.061577066,,10,7.18,1.36,,15,1,0.17696835,,,
3,Vimercati,2018,raw data,Ectotherm,Amphibia,Sclerophrys_gutturalis,Sclerophrys gutturalis,Terrestrial,Invasive,Durban,Cape Town,Adult,Male,32.21466667,31.016667,-29.783333,18.416667,-34.016667,1635,,2000,,,1012.8,1034.2,21.4,24.1627907,22.35,-1.812790698,23,Organism,Locomotor capacity,Endurance,m,418.3166667,358.3402988,,12,527.8,296.030611,,15,1,0.232478703,,,
3,Vimercati,2018,raw data,Ectotherm,Amphibia,Sclerophrys_gutturalis,Sclerophrys gutturalis,Terrestrial,Invasive,Durban,Cape Town,Adult,Female,50.708,31.016667,-29.783333,18.416667,-34.016667,1635,,2000,,,1012.8,1034.2,21.4,24.1627907,22.35,-1.812790698,23,Organism,Locomotor capacity,Endurance,m,403.6,369.908331,,12,510.3333333,379.5706463,,15,1,0.234639819,,,
4,Madelaire,2020,Fig 5,Ectotherm,Amphibia,Sclerophrys_gutturalis,Sclerophrys gutturalis,Terrestrial,Invasive,Durban,Cape Town,Adult,Male,31.5,31.016667,-29.783333,18.416667,-34.016667,1635,,2000,,,1012.8,1034.2,21.4,24.1627907,22.35,-1.812790698,22,Organism,Activity,Activity,%,6.992592593,8.24875266,,10,25.24867725,25.19966682,,14,1,1.28392238,,Challenges of dehydration result in a behavioral shift in invasive toads,https://link.springer.com/article/10.1007/s00265-020-02866-5
5,Assis,2020,Table S1,Ectotherm,Amphibia,Rhinella_marina,Rhinella marina,Terrestrial,Invasive,Miami,Port Saint Lucie,Adult,Mixed,112,-80.224167,25.787778,-80.355,27.275833,182,1955,2010,55,3.309090909,1293.7,1313,19.3,25,23.4,-1.6,,Macromolecule,Hormone,Corticosterone,ng ml,2.49,2.12,,52,3.84,3.75,,55,2,0.433189656,,Stress and immunity: Field comparisons among populations of invasive cane toads in Florida,https://onlinelibrary.wiley.com/doi/full/10.1002/jez.2389?casa_token=ticx6QOkgg0AAAAA%3A4UR4csrWIubPmbrWcQubUKCqDQVecOpi9z5UGVL3GzOlHHiPsxWxFxsq1oLIaZ3rjj-4HwDs5BIMyJBK
5,Assis,2020,Table S1,Ectotherm,Amphibia,Rhinella_marina,Rhinella marina,Terrestrial,Invasive,Miami,Deland,Adult,Mixed,106,-80.224167,25.787778,-81.286389,29.0225,423,1955,2014,59,7.169491525,1293.7,1257.8,-35.9,25,21.4,-3.6,,Macromolecule,Hormone,Corticosterone,ng ml,2.49,2.12,,52,3.42,4.03,,21,2,0.317357841,,,
5,Assis,2020,Table S1,Ectotherm,Amphibia,Rhinella_marina,Rhinella marina,Terrestrial,Invasive,Miami,Port Saint Lucie,Adult,Mixed,112,-80.224167,25.787778,-80.355,27.275833,182,1955,2010,55,3.309090909,1293.7,1313,19.3,25,23.4,-1.6,,Macromolecule,Immunity,BKA,%,77.02,15.28,,54,75.79,10.54,,54,2,-0.016098771,,,
5,Assis,2020,Table S1,Ectotherm,Amphibia,Rhinella_marina,Rhinella marina,Terrestrial,Invasive,Miami,Deland,Adult,Mixed,106,-80.224167,25.787778,-81.286389,29.0225,423,1955,2014,59,7.169491525,1293.7,1257.8,-35.9,25,21.4,-3.6,,Macromolecule,Immunity,BKA,%,77.02,15.28,,54,47.43,31.71,,53,2,-0.484810188,,,
5,Assis,2020,Table S1,Ectotherm,Amphibia,Rhinella_marina,Rhinella marina,Terrestrial,Invasive,Miami,Port Saint Lucie,Adult,Mixed,112,-80.224167,25.787778,-80.355,27.275833,182,1955,2010,55,3.309090909,1293.7,1313,19.3,25,23.4,-1.6,,Macromolecule,Immunity,NLR,ratio,0.21,0.12,,48,0.47,0.31,,60,2,0.805625164,,,
5,Assis,2020,Table S1,Ectotherm,Amphibia,Rhinella_marina,Rhinella marina,Terrestrial,Invasive,Miami,Deland,Adult,Mixed,106,-80.224167,25.787778,-81.286389,29.0225,423,1955,2014,59,7.169491525,1293.7,1257.8,-35.9,25,21.4,-3.6,,Macromolecule,Immunity,NLR,ratio,0.21,0.12,,48,0.34,0.19,,48,2,0.481838087,,,
6,Barsotti,2021,Table 2,Ectotherm,Amphibia,Sclerophrys_gutturalis,Sclerophrys gutturalis,Terrestrial,Invasive,Durban,Cape Town,Adult,Male,31.8,31.016667,-29.783333,18.416667,-34.016667,1635,,2000,,,1012.8,1034.2,21.4,25.5,20,-5.5,24,Macromolecule,Immunity,BKA,%,40.3,31.2,,19,80.85,19.8,,23,1,0.696244117,,"Challenges of a novel range: Water balance, stress, and immunity in an invasive toad",https://www.sciencedirect.com/science/article/pii/S1095643320302233?casa_token=crpm1x77Cs4AAAAA:LCArBgXRpY02zDHk_Nou3HJcW6AwjtujmVTteQLyOvpqKpsi2aflaeTjrvoWdqWziR40PJ-A0g
6,Barsotti,2021,Table 2,Ectotherm,Amphibia,Sclerophrys_gutturalis,Sclerophrys gutturalis,Terrestrial,Invasive,Durban,Cape Town,Adult,Male,31.8,31.016667,-29.783333,18.416667,-34.016667,1635,,2000,,,1012.8,1034.2,21.4,25.5,20,-5.5,24,Macromolecule,Immunity,NLR,ratio,0.34,0.2,,20,0.48,0.2,,25,1,0.344840486,,,
6,Barsotti,2021,Table 2,Ectotherm,Amphibia,Sclerophrys_gutturalis,Sclerophrys gutturalis,Terrestrial,Invasive,Durban,Cape Town,Adult,Male,31.8,31.016667,-29.783333,18.416667,-34.016667,1635,,2000,,,1012.8,1034.2,21.4,25.5,20,-5.5,24,Macromolecule,Hormone,Corticosterone,ng ml,0.16,0.1,,13,0.15,0.09,,12,1,-0.064538521,,,
6,Barsotti,2021,Table 2,Ectotherm,Amphibia,Sclerophrys_gutturalis,Sclerophrys gutturalis,Terrestrial,Invasive,Durban,Cape Town,Adult,Male,31.8,31.016667,-29.783333,18.416667,-34.016667,1635,,2000,,,1012.8,1034.2,21.4,25.5,20,-5.5,24,Cellular,Cardiovascular,Haematocrit,%,25.74,3.9,,3,19.02,9.4,,6,1,-0.302555145,,,
7,Hudson,2020,raw data,Ectotherm,Amphibia,Rhinella_marina,Rhinella marina,Terrestrial,Invasive,Townsville,El Questro,Adult,Male,112.2727273,146.817878,-19.257622,128.744232,-15.767402,2622,1935,2011,76,34.5,1114,768,-346,24.1,28.8,4.7,,Organism,Activity,Activity,cm,60.5221006,20.32892755,,15,80.81274071,21.25608532,,22,6,0.289126038,,"The accelerating anuran: evolution of locomotor performance in cane toads (Rhinella marina, Bufonidae) at an invasion front",https://royalsocietypublishing.org/doi/full/10.1098/rspb.2020.1964
7,Hudson,2020,raw data,Ectotherm,Amphibia,Rhinella_marina,Rhinella marina,Terrestrial,Invasive,Townsville,Oombulgurri,Adult,Male,119.8461538,146.817878,-19.257622,127.845,-15.180278,2839,1935,2013,78,36.3974359,1114,841.7,-272.3,24.1,29.4,5.3,,Organism,Activity,Activity,cm,60.5221006,20.32892755,,15,65.60029519,27.49637651,,13,6,0.080571598,,,
7,Hudson,2020,raw data,Ectotherm,Amphibia,Rhinella_marina,Rhinella marina,Terrestrial,Invasive,Townsville,Purnululu,Adult,Male,118.1333333,146.817878,-19.257622,128.403456,-17.528892,2946,1935,2016,81,36.37037037,1114,546.8,-567.2,24.1,26.6667,2.5667,,Organism,Activity,Activity,cm,60.5221006,20.32892755,,15,63.30806462,16.38937952,,15,6,0.045004127,,,
7,Hudson,2020,raw data,Ectotherm,Amphibia,Rhinella_marina,Rhinella marina,Terrestrial,Invasive,Townsville,Wyndham,Adult,Male,103.5769231,146.817878,-19.257622,128.218042,-15.591531,2707,1935,2011,76,35.61842105,1114,786.7,-327.3,24.1,29.35,5.25,,Organism,Activity,Activity,cm,60.5221006,20.32892755,,15,56.202937,13.40576007,,26,6,-0.074039582,,,
7,Hudson,2020,raw data,Ectotherm,Amphibia,Rhinella_marina,Rhinella marina,Terrestrial,Invasive,Townsville,Innisfail,Adult,Male,112.3076923,146.817878,-19.257622,146.018466,-17.526098,261,1935,1945,10,26.1,1114,3427.6,2313.6,24.1,23.4,-0.7,,Organism,Activity,Activity,cm,60.5221006,20.32892755,,15,59.97843781,15.77650012,,13,6,-0.00902347,,,
7,Hudson,2020,raw data,Ectotherm,Amphibia,Rhinella_marina,Rhinella marina,Terrestrial,Invasive,Townsville,Tully,Adult,Male,94.20833333,146.817878,-19.257622,145.940179,-17.940873,210,1935,1945,10,21,1114,2439.8,1325.8,24.1,27.5,3.4,,Organism,Activity,Activity,cm,60.5221006,20.32892755,,15,62.98662894,14.0895178,,24,6,0.039913867,,,
7,Hudson,2020,raw data,Ectotherm,Amphibia,Rhinella_marina,Rhinella marina,Terrestrial,Invasive,Townsville,El Questro,Adult,Female,127.4,146.817878,-19.257622,128.744232,-15.767402,2622,1935,2011,76,34.5,1114,768,-346,24.1,28.8,4.7,,Organism,Activity,Activity,cm,54.20079491,12.18412414,,23,72.88289445,18.51191561,,20,6,0.296158393,,,
7,Hudson,2020,raw data,Ectotherm,Amphibia,Rhinella_marina,Rhinella marina,Terrestrial,Invasive,Townsville,Oombulgurri,Adult,Female,127.8888889,146.817878,-19.257622,127.845,-15.180278,2839,1935,2013,78,36.3974359,1114,841.7,-272.3,24.1,29.4,5.3,,Organism,Activity,Activity,cm,54.20079491,12.18412414,,23,53.61650535,16.15260562,,18,6,-0.010838618,,,
7,Hudson,2020,raw data,Ectotherm,Amphibia,Rhinella_marina,Rhinella marina,Terrestrial,Invasive,Townsville,Purnululu,Adult,Female,105.8571429,146.817878,-19.257622,128.403456,-17.528892,2946,1935,2016,81,36.37037037,1114,546.8,-567.2,24.1,26.6667,2.5667,,Organism,Activity,Activity,cm,54.20079491,12.18412414,,23,51.87084656,14.58337736,,14,6,-0.043938665,,,
7,Hudson,2020,raw data,Ectotherm,Amphibia,Rhinella_marina,Rhinella marina,Terrestrial,Invasive,Townsville,Wyndham,Adult,Female,136.173913,146.817878,-19.257622,128.218042,-15.591531,2707,1935,2011,76,35.61842105,1114,786.7,-327.3,24.1,29.35,5.25,,Organism,Activity,Activity,cm,54.20079491,12.18412414,,23,63.21007516,20.41326061,,23,6,0.153768131,,,
7,Hudson,2020,raw data,Ectotherm,Amphibia,Rhinella_marina,Rhinella marina,Terrestrial,Invasive,Townsville,Innisfail,Adult,Female,135.9090909,146.817878,-19.257622,146.018466,-17.526098,261,1935,1945,10,26.1,1114,3427.6,2313.6,24.1,23.4,-0.7,,Organism,Activity,Activity,cm,54.20079491,12.18412414,,23,55.59067425,19.9299532,,22,6,0.025319883,,,
7,Hudson,2020,raw data,Ectotherm,Amphibia,Rhinella_marina,Rhinella marina,Terrestrial,Invasive,Townsville,Tully,Adult,Female,109.1111111,146.817878,-19.257622,145.940179,-17.940873,210,1935,1945,10,21,1114,2439.8,1325.8,24.1,27.5,3.4,,Organism,Activity,Activity,cm,54.20079491,12.18412414,,23,56.25679663,14.10613633,,18,6,0.037231288,,,
7,Hudson,2020,raw data,Ectotherm,Amphibia,Rhinella_marina,Rhinella marina,Terrestrial,Invasive,Townsville,El Questro,Juvenile,Mixed,64.5,146.817878,-19.257622,128.744232,-15.767402,2622,1935,2011,76,34.5,1114,768,-346,24.1,28.8,4.7,,Organism,Activity,Activity,cm,51.373548,10.98854806,,11,48.16335654,17.51251389,,2,6,-0.064524916,,,
7,Hudson,2020,raw data,Ectotherm,Amphibia,Rhinella_marina,Rhinella marina,Terrestrial,Invasive,Townsville,Oombulgurri,Juvenile,Mixed,55.5,146.817878,-19.257622,127.845,-15.180278,2839,1935,2013,78,36.3974359,1114,841.7,-272.3,24.1,29.4,5.3,,Organism,Activity,Activity,cm,51.373548,10.98854806,,11,45.57924672,7.982530923,,4,6,-0.119670913,,,
7,Hudson,2020,raw data,Ectotherm,Amphibia,Rhinella_marina,Rhinella marina,Terrestrial,Invasive,Townsville,Purnululu,Juvenile,Mixed,52.33333333,146.817878,-19.257622,128.403456,-17.528892,2946,1935,2016,81,36.37037037,1114,546.8,-567.2,24.1,26.6667,2.5667,,Organism,Activity,Activity,cm,51.373548,10.98854806,,11,39.19601508,13.57390028,,3,6,-0.270548324,,,
7,Hudson,2020,raw data,Ectotherm,Amphibia,Rhinella_marina,Rhinella marina,Terrestrial,Invasive,Townsville,Wyndham,Juvenile,Mixed,56,146.817878,-19.257622,128.218042,-15.591531,2707,1935,2011,76,35.61842105,1114,786.7,-327.3,24.1,29.35,5.25,,Organism,Activity,Activity,cm,51.373548,10.98854806,,11,66.7991478,28.43294978,,3,6,0.262566913,,,
7,Hudson,2020,raw data,Ectotherm,Amphibia,Rhinella_marina,Rhinella marina,Terrestrial,Invasive,Townsville,Innisfail,Juvenile,Mixed,56.63636364,146.817878,-19.257622,146.018466,-17.526098,261,1935,1945,10,26.1,1114,3427.6,2313.6,24.1,23.4,-0.7,,Organism,Activity,Activity,cm,51.373548,10.98854806,,11,52.45717878,15.57846648,,11,6,0.020873785,,,
7,Hudson,2020,raw data,Ectotherm,Amphibia,Rhinella_marina,Rhinella marina,Terrestrial,Invasive,Townsville,Tully,Juvenile,Mixed,52.27272727,146.817878,-19.257622,145.940179,-17.940873,210,1935,1945,10,21,1114,2439.8,1325.8,24.1,27.5,3.4,,Organism,Activity,Activity,cm,51.373548,10.98854806,,11,47.42524537,20.10814864,,11,6,-0.07996872,,,
7,Hudson,2020,raw data,Ectotherm,Amphibia,Rhinella_marina,Rhinella marina,Terrestrial,Invasive,Townsville,El Questro,Adult,Male,112.2727273,146.817878,-19.257622,128.744232,-15.767402,2622,1935,2011,76,34.5,1114,768,-346,24.1,28.8,4.7,,Organism,Locomotor capacity,Sprint speed,cm s,388.1469454,111.8700597,,15,470.7697141,129.3853761,,21,6,0.192985051,,,
7,Hudson,2020,raw data,Ectotherm,Amphibia,Rhinella_marina,Rhinella marina,Terrestrial,Invasive,Townsville,Oombulgurri,Adult,Male,119.8461538,146.817878,-19.257622,127.845,-15.180278,2839,1935,2013,78,36.3974359,1114,841.7,-272.3,24.1,29.4,5.3,,Organism,Locomotor capacity,Sprint speed,cm s,388.1469454,111.8700597,,15,374.6111191,118.6505595,,12,6,-0.035495521,,,
7,Hudson,2020,raw data,Ectotherm,Amphibia,Rhinella_marina,Rhinella marina,Terrestrial,Invasive,Townsville,Purnululu,Adult,Male,118.1333333,146.817878,-19.257622,128.403456,-17.528892,2946,1935,2016,81,36.37037037,1114,546.8,-567.2,24.1,26.6667,2.5667,,Organism,Locomotor capacity,Sprint speed,cm s,388.1469454,111.8700597,,15,366.1694098,92.07216547,,12,6,-0.058287899,,,
7,Hudson,2020,raw data,Ectotherm,Amphibia,Rhinella_marina,Rhinella marina,Terrestrial,Invasive,Townsville,Wyndham,Adult,Male,103.5769231,146.817878,-19.257622,128.218042,-15.591531,2707,1935,2011,76,35.61842105,1114,786.7,-327.3,24.1,29.35,5.25,,Organism,Locomotor capacity,Sprint speed,cm s,388.1469454,111.8700597,,15,346.3354667,85.56104349,,26,6,-0.113976131,,,
7,Hudson,2020,raw data,Ectotherm,Amphibia,Rhinella_marina,Rhinella marina,Terrestrial,Invasive,Townsville,Innisfail,Adult,Male,112.3076923,146.817878,-19.257622,146.018466,-17.526098,261,1935,1945,10,26.1,1114,3427.6,2313.6,24.1,23.4,-0.7,,Organism,Locomotor capacity,Sprint speed,cm s,388.1469454,111.8700597,,15,394.8077583,97.4664166,,13,6,0.017014965,,,
7,Hudson,2020,raw data,Ectotherm,Amphibia,Rhinella_marina,Rhinella marina,Terrestrial,Invasive,Townsville,Tully,Adult,Male,94.20833333,146.817878,-19.257622,145.940179,-17.940873,210,1935,1945,10,21,1114,2439.8,1325.8,24.1,27.5,3.4,,Organism,Locomotor capacity,Sprint speed,cm s,388.1469454,111.8700597,,15,412.6401267,90.16404238,,24,6,0.061191856,,,
7,Hudson,2020,raw data,Ectotherm,Amphibia,Rhinella_marina,Rhinella marina,Terrestrial,Invasive,Townsville,El Questro,Adult,Female,127.4,146.817878,-19.257622,128.744232,-15.767402,2622,1935,2011,76,34.5,1114,768,-346,24.1,28.8,4.7,,Organism,Locomotor capacity,Sprint speed,cm s,351.8544309,71.76040782,,23,427.1082285,126.5004859,,20,6,0.193819902,,,
7,Hudson,2020,raw data,Ectotherm,Amphibia,Rhinella_marina,Rhinella marina,Terrestrial,Invasive,Townsville,Oombulgurri,Adult,Female,127.8888889,146.817878,-19.257622,127.845,-15.180278,2839,1935,2013,78,36.3974359,1114,841.7,-272.3,24.1,29.4,5.3,,Organism,Locomotor capacity,Sprint speed,cm s,351.8544309,71.76040782,,23,368.6955391,86.37318978,,18,6,0.046753665,,,
7,Hudson,2020,raw data,Ectotherm,Amphibia,Rhinella_marina,Rhinella marina,Terrestrial,Invasive,Townsville,Purnululu,Adult,Female,105.8571429,146.817878,-19.257622,128.403456,-17.528892,2946,1935,2016,81,36.37037037,1114,546.8,-567.2,24.1,26.6667,2.5667,,Organism,Locomotor capacity,Sprint speed,cm s,351.8544309,71.76040782,,23,334.8449988,87.69121579,,14,6,-0.049549807,,,
7,Hudson,2020,raw data,Ectotherm,Amphibia,Rhinella_marina,Rhinella marina,Terrestrial,Invasive,Townsville,Wyndham,Adult,Female,136.173913,146.817878,-19.257622,128.218042,-15.591531,2707,1935,2011,76,35.61842105,1114,786.7,-327.3,24.1,29.35,5.25,,Organism,Locomotor capacity,Sprint speed,cm s,351.8544309,71.76040782,,23,385.2664857,116.7699098,,23,6,0.090717724,,,
7,Hudson,2020,raw data,Ectotherm,Amphibia,Rhinella_marina,Rhinella marina,Terrestrial,Invasive,Townsville,Innisfail,Adult,Female,135.9090909,146.817878,-19.257622,146.018466,-17.526098,261,1935,1945,10,26.1,1114,3427.6,2313.6,24.1,23.4,-0.7,,Organism,Locomotor capacity,Sprint speed,cm s,351.8544309,71.76040782,,23,363.8198167,107.0848311,,22,6,0.033441194,,,
7,Hudson,2020,raw data,Ectotherm,Amphibia,Rhinella_marina,Rhinella marina,Terrestrial,Invasive,Townsville,Tully,Adult,Female,109.1111111,146.817878,-19.257622,145.940179,-17.940873,210,1935,1945,10,21,1114,2439.8,1325.8,24.1,27.5,3.4,,Organism,Locomotor capacity,Sprint speed,cm s,351.8544309,71.76040782,,23,358.183321,78.13244746,,18,6,0.017827384,,,
7,Hudson,2020,raw data,Ectotherm,Amphibia,Rhinella_marina,Rhinella marina,Terrestrial,Invasive,Townsville,El Questro,Juvenile,Mixed,64.5,146.817878,-19.257622,128.744232,-15.767402,2622,1935,2011,76,34.5,1114,768,-346,24.1,28.8,4.7,,Organism,Locomotor capacity,Sprint speed,cm s,372.593195,79.45369331,,11,457.3017385,142.8652183,,2,6,0.204856238,,,
7,Hudson,2020,raw data,Ectotherm,Amphibia,Rhinella_marina,Rhinella marina,Terrestrial,Invasive,Townsville,Oombulgurri,Juvenile,Mixed,55.5,146.817878,-19.257622,127.845,-15.180278,2839,1935,2013,78,36.3974359,1114,841.7,-272.3,24.1,29.4,5.3,,Organism,Locomotor capacity,Sprint speed,cm s,372.593195,79.45369331,,11,343.241853,74.00998929,,4,6,-0.082051885,,,
7,Hudson,2020,raw data,Ectotherm,Amphibia,Rhinella_marina,Rhinella marina,Terrestrial,Invasive,Townsville,Purnululu,Juvenile,Mixed,52.33333333,146.817878,-19.257622,128.403456,-17.528892,2946,1935,2016,81,36.37037037,1114,546.8,-567.2,24.1,26.6667,2.5667,,Organism,Locomotor capacity,Sprint speed,cm s,372.593195,79.45369331,,11,283.5285156,73.29318462,,3,6,-0.273174492,,,
7,Hudson,2020,raw data,Ectotherm,Amphibia,Rhinella_marina,Rhinella marina,Terrestrial,Invasive,Townsville,Wyndham,Juvenile,Mixed,56,146.817878,-19.257622,128.218042,-15.591531,2707,1935,2011,76,35.61842105,1114,786.7,-327.3,24.1,29.35,5.25,,Organism,Locomotor capacity,Sprint speed,cm s,372.593195,79.45369331,,11,357.7524138,116.2731419,,3,6,-0.040646029,,,
7,Hudson,2020,raw data,Ectotherm,Amphibia,Rhinella_marina,Rhinella marina,Terrestrial,Invasive,Townsville,Innisfail,Juvenile,Mixed,56.63636364,146.817878,-19.257622,146.018466,-17.526098,261,1935,1945,10,26.1,1114,3427.6,2313.6,24.1,23.4,-0.7,,Organism,Locomotor capacity,Sprint speed,cm s,372.593195,79.45369331,,11,361.4262895,117.6970281,,11,6,-0.030429076,,,
7,Hudson,2020,raw data,Ectotherm,Amphibia,Rhinella_marina,Rhinella marina,Terrestrial,Invasive,Townsville,Tully,Juvenile,Mixed,52.27272727,146.817878,-19.257622,145.940179,-17.940873,210,1935,1945,10,21,1114,2439.8,1325.8,24.1,27.5,3.4,,Organism,Locomotor capacity,Sprint speed,cm s,372.593195,79.45369331,,11,336.5547531,134.1592068,,11,6,-0.101726345,,,
8,Reim,2018,raw data,Ectotherm,Invertebrate,Lycaena_tityrus,Lycaena tityrus,Aerial,Native,Ueckermünde,Karepa,Adult,Male,0.0337,14.256611,53.747944,26.426222,59.54425,1543,,2013,,,545.1,622.1,77,8.95,4.6875,-4.2625,18,Organism,Locomotor capacity,Endurance,s,51.92916667,11.96816991,,263,49.075,14.89744693,,8,3,-0.05653087,,Successful despite poor flight performance: range expansion is associated with enhanced exploratory behaviour and fast development,https://onlinelibrary.wiley.com/doi/full/10.1111/jeb.13294
8,Reim,2018,raw data,Ectotherm,Invertebrate,Lycaena_tityrus,Lycaena tityrus,Aerial,Native,Ueckermünde,Kasispea,Adult,Male,0.03075,14.256611,53.747944,25.77275,59.584889,1549,,2013,,,545.1,650.9,105.8,8.95,4.833333333,-4.116666667,18,Organism,Locomotor capacity,Endurance,s,51.92916667,11.96816991,,263,36.945,20.84253403,,4,3,-0.34045029,,,
8,Reim,2018,raw data,Ectotherm,Invertebrate,Lycaena_tityrus,Lycaena tityrus,Aerial,Native,Ueckermünde,Mahu,Adult,Male,0.03298,14.256611,53.747944,26.71625,59.519389,1547,,2013,,,545.1,614.1,69,8.95,4.8,-4.15,18,Organism,Locomotor capacity,Endurance,s,51.92916667,11.96816991,,263,50.4025,13.27508765,,12,3,-0.029839833,,,
8,Reim,2018,raw data,Ectotherm,Invertebrate,Lycaena_tityrus,Lycaena tityrus,Aerial,Native,Ueckermünde,Karepa,Adult,Male,0.03022,14.256611,53.747944,26.426222,59.54425,1543,,2013,,,545.1,622.1,77,8.95,4.6875,-4.2625,26,Organism,Locomotor capacity,Endurance,s,46.07442379,16.80970967,,301,36.1127451,21.6046698,,52,3,-0.243612145,,,
8,Reim,2018,raw data,Ectotherm,Invertebrate,Lycaena_tityrus,Lycaena tityrus,Aerial,Native,Ueckermünde,Kasispea,Adult,Male,0.03026,14.256611,53.747944,25.77275,59.584889,1549,,2013,,,545.1,650.9,105.8,8.95,4.833333333,-4.116666667,26,Organism,Locomotor capacity,Endurance,s,46.07442379,16.80970967,,301,45.4502381,19.18245087,,42,3,-0.013639938,,,
8,Reim,2018,raw data,Ectotherm,Invertebrate,Lycaena_tityrus,Lycaena tityrus,Aerial,Native,Ueckermünde,Mahu,Adult,Male,0.0394,14.256611,53.747944,26.71625,59.519389,1547,,2013,,,545.1,614.1,69,8.95,4.8,-4.15,26,Organism,Locomotor capacity,Endurance,s,46.07442379,16.80970967,,301,38.94126582,20.29073932,,73,3,-0.168203491,,,
8,Reim,2018,raw data,Ectotherm,Invertebrate,Lycaena_tityrus,Lycaena tityrus,Aerial,Native,Ueckermünde,Karepa,Adult,Female,0.0432,14.256611,53.747944,26.426222,59.54425,1543,,2013,,,545.1,622.1,77,8.95,4.6875,-4.2625,18,Organism,Locomotor capacity,Endurance,s,38.09653846,16.92834058,,243,32.41833333,14.42574021,,6,3,-0.161399318,,,
8,Reim,2018,raw data,Ectotherm,Invertebrate,Lycaena_tityrus,Lycaena tityrus,Aerial,Native,Ueckermünde,Kasispea,Adult,Female,0.0404,14.256611,53.747944,25.77275,59.584889,1549,,2013,,,545.1,650.9,105.8,8.95,4.833333333,-4.116666667,18,Organism,Locomotor capacity,Endurance,s,38.09653846,16.92834058,,243,39.77333333,15.37466603,,3,3,0.043073247,,,
8,Reim,2018,raw data,Ectotherm,Invertebrate,Lycaena_tityrus,Lycaena tityrus,Aerial,Native,Ueckermünde,Mahu,Adult,Female,0.0371,14.256611,53.747944,26.71625,59.519389,1547,,2013,,,545.1,614.1,69,8.95,4.8,-4.15,18,Organism,Locomotor capacity,Endurance,s,38.09653846,16.92834058,,243,44.19125,14.18437471,,8,3,0.148403382,,,
8,Reim,2018,raw data,Ectotherm,Invertebrate,Lycaena_tityrus,Lycaena tityrus,Aerial,Native,Ueckermünde,Karepa,Adult,Female,0.0343,14.256611,53.747944,26.426222,59.54425,1543,,2013,,,545.1,622.1,77,8.95,4.6875,-4.2625,26,Organism,Locomotor capacity,Endurance,s,42.22424658,15.17447375,,229,38.98267857,18.53952481,,55,3,-0.079877211,,,
8,Reim,2018,raw data,Ectotherm,Invertebrate,Lycaena_tityrus,Lycaena tityrus,Aerial,Native,Ueckermünde,Kasispea,Adult,Female,0.0363,14.256611,53.747944,25.77275,59.584889,1549,,2013,,,545.1,650.9,105.8,8.95,4.833333333,-4.116666667,26,Organism,Locomotor capacity,Endurance,s,42.22424658,15.17447375,,229,46.31068182,12.31933687,,44,3,0.092378024,,,
8,Reim,2018,raw data,Ectotherm,Invertebrate,Lycaena_tityrus,Lycaena tityrus,Aerial,Native,Ueckermünde,Mahu,Adult,Female,0.0347,14.256611,53.747944,26.71625,59.519389,1547,,2013,,,545.1,614.1,69,8.95,4.8,-4.15,26,Organism,Locomotor capacity,Endurance,s,42.22424658,15.17447375,,229,46.70246753,13.000312,,76,3,0.100802382,,,
9,Hirsch,2016,Fig 3,Ectotherm,Osteichthyes,Neogobius_melanostomus,Neogobius melanostomus,Aquatic,Invasive,Gulf of Gdansk,Basel,Adult,Mixed,40,18.539722,54.181111,7.591389,47.588333,1365,1990,2013,23,59.34782609,563.4,809.4,246,6.495833333,9.658333333,3.1625,,Organism,Activity,Activity,,0.826459144,0.413229572,,98,0.952529183,0.581322957,,161,1,0.141970261,,An approach to incorporate individual personality in modeling fish dispersal across in?stream barriers,https://onlinelibrary.wiley.com/doi/full/10.1002/ece3.2629
10,Burstal,2020,Fig 5,Endotherm,Aves,Acridotheres_tristis,Acridotheres tristis,Aerial,Invasive,Hamilton South,Gloucester ,Adult,Mixed,112,151.7511,-32.9307,151.9602,-32.0272,122,1975,2005,30,4.066666667,1126.4,1056.6,-69.8,18.3875,17.28333333,-1.104166667,,Organism,Locomotor capacity,Endurance,m d,901.5424165,228.5347044,,11,1052.699229,259.125964,,11,1,0.155005746,,Radiotracking invasive spread: Are common mynas more active and exploratory on the invasion front?,https://link.springer.com/article/10.1007/s10530-020-02269-7#Tab1
11,Llewelyn,2010,Fig 1,Ectotherm,Amphibia,Rhinella_marina,Rhinella marina,Terrestrial,Invasive,Townsville,Adelaide River floodplain,Adult,Mixed,153.4,146.817878,-19.257622,131.111808,-13.2258,2413,1935,2005,70,34.47142857,1114,1401.5,287.5,24.1,26.75833333,2.658333333,,Organism,Activity,Activity,s,233.9522546,146.2806403,25.46419098,33,72.4137931,153.4365259,21.48541114,51,1,-1.172720261,,"Locomotor performance in an invasive species: cane toads from the invasion front have greater endurance, but not speed, compared to conspecifics from a long-colonised area",https://link.springer.com/article/10.1007%2Fs00442-009-1471-1
11,Llewelyn,2010,Fig 1,Ectotherm,Amphibia,Rhinella_marina,Rhinella marina,Terrestrial,Invasive,Townsville,Adelaide River floodplain,Adult,Mixed,153.4,146.817878,-19.257622,131.111808,-13.2258,2413,1935,2005,70,34.47142857,1114,1401.5,287.5,24.1,26.75833333,2.658333333,,Organism,Locomotor capacity,Endurance,m,99.78609626,22.11810217,3.85026738,33,92.72727273,34.37051115,4.812834225,51,1,-0.073366224,,,
12,Merwin,2019,Fig 2,Ectotherm,Invertebrate,Megacopta_cribraria,Megacopta cribraria,Aerial,Invasive,Site 1,Site 2,Adult,Mixed,1.63452E-05,-83.701643,33.747783,-83.169407,33.07515,116,2009,2010,1,116,1265.9,1179.3,-86.6,17.09166667,17.26666667,0.175,,Organism,Activity,Activity,m s,0.503157895,0.122355058,0.028070175,19,0.455438596,0.110119552,0.025263158,19,10,-0.099643124,,Flight capacity increases then declines from the core to the margins of an invasive species' range,https://royalsocietypublishing.org/doi/full/10.1098/rsbl.2019.0496
12,Merwin,2019,Fig 2,Ectotherm,Invertebrate,Megacopta_cribraria,Megacopta cribraria,Aerial,Invasive,Site 1,Site 3,Adult,Mixed,1.63452E-05,-83.701643,33.747783,-83.168033,30.639403,361,2009,2012,3,120.3333333,1266.9,1325,58.1,17.09166667,19.95,2.858333333,,Organism,Activity,Activity,m s,0.503157895,0.122355058,0.028070175,19,0.510175439,0.119296182,0.027368421,19,10,0.013850637,,,
12,Merwin,2019,Fig 2,Ectotherm,Invertebrate,Megacopta_cribraria,Megacopta cribraria,Aerial,Invasive,Site 1,Site 4,Adult,Mixed,1.63452E-05,-83.701643,33.747783,-82.459586,29.721418,469,2009,2012,3,156.3333333,1267.9,1342.8,74.9,17.09166667,20.3,3.208333333,,Organism,Activity,Activity,m s,0.503157895,0.122355058,0.028070175,19,0.506666667,0.110119552,0.025263158,19,10,0.006949298,,,
12,Merwin,2019,Fig 2,Ectotherm,Invertebrate,Megacopta_cribraria,Megacopta cribraria,Aerial,Invasive,Site 1,Site 5,Adult,Mixed,1.63452E-05,-83.701643,33.747783,-81.798775,27.986228,696,2009,2015,6,116,1268.9,1249.6,-19.3,17.09166667,22.63333333,5.541666667,,Organism,Activity,Activity,m s,0.503157895,0.122355058,0.028070175,19,0.453333333,0.109473684,0.036491228,9,10,-0.104276337,,,
12,Merwin,2019,Fig 2,Ectotherm,Invertebrate,Megacopta_cribraria,Megacopta cribraria,Aerial,Invasive,Site 1,Site 6,Adult,Mixed,1.63452E-05,-83.701643,33.747783,-86.632759,33.377862,251,2009,2012,3,83.66666667,1269.9,1403.2,133.3,17.09166667,16.80416667,-0.2875,,Organism,Activity,Activity,m s,0.503157895,0.122355058,0.028070175,19,0.48,0.087873549,0.019649123,20,10,-0.047117923,,,
12,Merwin,2019,Fig 2,Ectotherm,Invertebrate,Megacopta_cribraria,Megacopta cribraria,Aerial,Invasive,Site 1,Site 7,Adult,Mixed,1.63452E-05,-83.701643,33.747783,-88.374092,32.513546,430,2009,2013,4,107.5,1270.9,1411.8,140.9,17.09166667,17.75,0.658333333,,Organism,Activity,Activity,m s,0.503157895,0.122355058,0.028070175,19,0.487017544,0.110012171,0.02245614,24,10,-0.03260388,,,
12,Merwin,2019,Fig 2,Ectotherm,Invertebrate,Megacopta_cribraria,Megacopta cribraria,Aerial,Invasive,Site 1,Site 8,Adult,Mixed,1.63452E-05,-83.701643,33.747783,-89.485428,32.381876,560,2009,2013,4,140,1271.9,1456.6,184.7,17.09166667,17.14583333,0.054166667,,Organism,Activity,Activity,m s,0.503157895,0.122355058,0.028070175,19,0.503157895,0.102037115,0.021754386,22,10,0,,,
12,Merwin,2019,Fig 2,Ectotherm,Invertebrate,Megacopta_cribraria,Megacopta cribraria,Aerial,Invasive,Site 1,Site 9,Adult,Mixed,1.63452E-05,-83.701643,33.747783,-91.314651,32.4723,697,2009,2013,4,174.25,1272.9,1341,68.1,17.09166667,18.575,1.483333333,,Organism,Activity,Activity,m s,0.503157895,0.122355058,0.028070175,19,0.526315789,0.135894152,0.035087719,15,10,0.044997366,,,
12,Merwin,2019,Fig 2,Ectotherm,Invertebrate,Megacopta_cribraria,Megacopta cribraria,Aerial,Invasive,Site 1,Site 10,Adult,Mixed,1.63452E-05,-83.701643,33.747783,-93.293259,32.68547,882,2009,2015,6,147,1273.9,1233.8,-40.1,17.09166667,18.03333333,0.941666667,,Organism,Activity,Activity,m s,0.503157895,0.122355058,0.028070175,19,0.463157895,0.115736298,0.028070175,17,10,-0.082836006,,,
12,Merwin,2019,Fig 2,Ectotherm,Invertebrate,Megacopta_cribraria,Megacopta cribraria,Aerial,Invasive,Site 1,Site 11,Adult,Mixed,1.63452E-05,-83.701643,33.747783,-94.137146,32.496587,964,2009,2016,7,137.7142857,1274.9,1194,-80.9,17.09166667,18.37083333,1.279166667,,Organism,Activity,Activity,m s,0.503157895,0.122355058,0.028070175,19,0.44,0.080966765,0.02245614,13,10,-0.1341293,,,
12,Merwin,2019,Fig 2,Ectotherm,Invertebrate,Megacopta_cribraria,Megacopta cribraria,Aerial,Invasive,Site 1,Site 2,Adult,Mixed,1.63452E-05,-83.701643,33.747783,-83.169407,33.07515,116,2009,2010,1,116,1265.9,1179.3,-86.6,17.09166667,17.26666667,0.175,,Organism,Locomotor capacity,Endurance,h,0.634831461,0.293858356,0.06741573,19,0.603370787,0.26447252,0.060674157,19,10,-0.050827637,,,
12,Merwin,2019,Fig 2,Ectotherm,Invertebrate,Megacopta_cribraria,Megacopta cribraria,Aerial,Invasive,Site 1,Site 3,Adult,Mixed,1.63452E-05,-83.701643,33.747783,-83.168033,30.639403,361,2009,2012,3,120.3333333,1266.9,1325,58.1,17.09166667,19.95,2.858333333,,Organism,Locomotor capacity,Endurance,h,0.634831461,0.293858356,0.06741573,19,0.870786517,0.225291406,0.051685393,19,10,0.316037298,,,
12,Merwin,2019,Fig 2,Ectotherm,Invertebrate,Megacopta_cribraria,Megacopta cribraria,Aerial,Invasive,Site 1,Site 4,Adult,Mixed,1.63452E-05,-83.701643,33.747783,-82.459586,29.721418,469,2009,2012,3,156.3333333,1267.9,1342.8,74.9,17.09166667,20.3,3.208333333,,Organism,Locomotor capacity,Endurance,h,0.634831461,0.293858356,0.06741573,19,0.884269663,0.107748064,0.024719101,19,10,0.331402517,,,
12,Merwin,2019,Fig 2,Ectotherm,Invertebrate,Megacopta_cribraria,Megacopta cribraria,Aerial,Invasive,Site 1,Site 5,Adult,Mixed,1.63452E-05,-83.701643,33.747783,-81.798775,27.986228,696,2009,2015,6,116,1268.9,1249.6,-19.3,17.09166667,22.63333333,5.541666667,,Organism,Locomotor capacity,Endurance,h,0.634831461,0.293858356,0.06741573,19,0.614606742,0.269662921,0.08988764,9,10,-0.032376929,,,
12,Merwin,2019,Fig 2,Ectotherm,Invertebrate,Megacopta_cribraria,Megacopta cribraria,Aerial,Invasive,Site 1,Site 6,Adult,Mixed,1.63452E-05,-83.701643,33.747783,-86.632759,33.377862,251,2009,2012,3,83.66666667,1269.9,1403.2,133.3,17.09166667,16.80416667,-0.2875,,Organism,Locomotor capacity,Endurance,h,0.634831461,0.293858356,0.06741573,19,0.574157303,0.221094362,0.049438202,20,10,-0.100456141,,,
12,Merwin,2019,Fig 2,Ectotherm,Invertebrate,Megacopta_cribraria,Megacopta cribraria,Aerial,Invasive,Site 1,Site 7,Adult,Mixed,1.63452E-05,-83.701643,33.747783,-88.374092,32.513546,430,2009,2013,4,107.5,1270.9,1411.8,140.9,17.09166667,17.75,0.658333333,,Organism,Locomotor capacity,Endurance,h,0.634831461,0.293858356,0.06741573,19,0.796629213,0.264214624,0.053932584,24,10,0.227029795,,,
12,Merwin,2019,Fig 2,Ectotherm,Invertebrate,Megacopta_cribraria,Megacopta cribraria,Aerial,Invasive,Site 1,Site 8,Adult,Mixed,1.63452E-05,-83.701643,33.747783,-89.485428,32.381876,560,2009,2013,4,140,1271.9,1456.6,184.7,17.09166667,17.14583333,0.054166667,,Organism,Locomotor capacity,Endurance,h,0.634831461,0.293858356,0.06741573,19,0.756179775,0.326748064,0.069662921,22,10,0.174919598,,,
12,Merwin,2019,Fig 2,Ectotherm,Invertebrate,Megacopta_cribraria,Megacopta cribraria,Aerial,Invasive,Site 1,Site 9,Adult,Mixed,1.63452E-05,-83.701643,33.747783,-91.314651,32.4723,697,2009,2013,4,174.25,1272.9,1341,68.1,17.09166667,18.575,1.483333333,,Organism,Locomotor capacity,Endurance,h,0.634831461,0.293858356,0.06741573,19,0.702247191,0.261100001,0.06741573,15,10,0.100925919,,,
12,Merwin,2019,Fig 2,Ectotherm,Invertebrate,Megacopta_cribraria,Megacopta cribraria,Aerial,Invasive,Site 1,Site 10,Adult,Mixed,1.63452E-05,-83.701643,33.747783,-93.293259,32.68547,882,2009,2015,6,147,1273.9,1233.8,-40.1,17.09166667,18.03333333,0.941666667,,Organism,Locomotor capacity,Endurance,h,0.634831461,0.293858356,0.06741573,19,0.556179775,0.222369742,0.053932584,17,10,-0.132267969,,,
12,Merwin,2019,Fig 2,Ectotherm,Invertebrate,Megacopta_cribraria,Megacopta cribraria,Aerial,Invasive,Site 1,Site 11,Adult,Mixed,1.63452E-05,-83.701643,33.747783,-94.137146,32.496587,964,2009,2016,7,137.7142857,1274.9,1194,-80.9,17.09166667,18.37083333,1.279166667,,Organism,Locomotor capacity,Endurance,h,0.634831461,0.293858356,0.06741573,19,0.686516854,0.259275597,0.071910112,13,10,0.078271228,,,
13,Mitton,2019,Fig 4,Ectotherm,Amphibia,Rhinella_marina,Rhinella marina,Terrestrial,Invasive,Miami,Tampa,Adult,Mixed,,-80.46,25.47,-81.94,28.03,321.22,1955,2015,60,5.353666667,1293.7,1231.9,-61.8,24.67083333,22.54583333,-2.125,10,Organism,Thermal tolerance,CTmin,,10.66367713,2.062780269,,12,9.273542601,1.367713004,,16,1,0.139677842,cold acclimation,Rapid adaptation to cold in the invasive cane toad Rhinella marina,https://academic.oup.com/conphys/article/7/1/coy075/5334621?login=true
13,Mitton,2019,Fig 4,Ectotherm,Amphibia,Rhinella_marina,Rhinella marina,Terrestrial,Invasive,Miami,Tampa,Adult,Mixed,,-80.46,25.47,-81.94,28.03,321.22,1955,2015,60,5.353666667,1293.7,1231.9,-61.8,24.67083333,22.54583333,-2.125,25,Organism,Thermal tolerance,CTmin,,11,0.560538117,,15,9.69955157,1.00896861,,12,1,0.125815618,warm acclimation,,
13,Mitton,2019,Fig 6,Ectotherm,Amphibia,Rhinella_marina,Rhinella marina,Terrestrial,Invasive,Miami,Tampa,Adult,Mixed,,-80.46,25.47,-81.94,28.03,321.22,1955,2015,60,5.353666667,1293.7,1231.9,-61.8,24.67083333,22.54583333,-2.125,10,Organism,Locomotor capacity,Endurance,s,22.54098361,11.61202186,,12,31.42076503,16.39344262,,16,1,0.332133835,,,
13,Mitton,2019,Fig 6,Ectotherm,Amphibia,Rhinella_marina,Rhinella marina,Terrestrial,Invasive,Miami,Tampa,Adult,Mixed,,-80.46,25.47,-81.94,28.03,321.22,1955,2015,60,5.353666667,1293.7,1231.9,-61.8,24.67083333,22.54583333,-2.125,25,Organism,Locomotor capacity,Endurance,s,131.147541,21.8579235,,15,105.1912568,32.10382514,,12,1,-0.22054277,,,
14,Louppe,2018,Fig 3,Ectotherm,Amphibia,Xenopus_laevis,Xenopus laevis,Aquatic,Invasive,Site 1,Site 2,Adult,Female,28.31,-0.285579,47.089832,-0.304805,46.9485,16.8,1980,2000,20,0.84,715.7,758.8,43.1,11.65416667,11.52083333,-0.133333333,22,Organism,Metabolism,Standard MR,ml O2 s,0.06375,0.01125,,14,0.05,0.02125,,13,1,-0.242946179,,Differences in standard metabolic rate at the range edge versus the center of an expanding invasive population of Xenopus laevis in the West of France,https://zslpublications.onlinelibrary.wiley.com/doi/full/10.1111/jzo.12548
14,Louppe,2018,Fig 3,Ectotherm,Amphibia,Xenopus_laevis,Xenopus laevis,Aquatic,Invasive,Site 1,Site 2,Adult,Male,25.955,-0.285579,47.089832,-0.304805,46.9485,16.8,1980,2000,20,0.84,715.7,758.8,43.1,11.65416667,11.52083333,-0.133333333,22,Organism,Metabolism,Standard MR,ml O2 s,0.08375,0.055,,13,0.03875,0.025,,13,1,-0.770705415,,,
15,Padilla,2019,Fig 2,Ectotherm,Amphibia,Xenopus_laevis,Xenopus laevis,Aquatic,Invasive,Site 1,Site 2,Adult,Female,,-0.285579,47.089832,-0.304805,46.9485,16.8,1980,2000,20,0.84,715.7,758.8,43.1,11.65416667,11.52083333,-0.133333333,,Organ,Cardiovascular,Heart mass,g,0.494444444,0.140545674,0.044444444,10,0.672222222,0.158113883,0.05,10,1,0.307154176,,Allocation trade?offs impact organ size and muscle architecture in an invasive population of Xenopus laevis in Western France,https://onlinelibrary.wiley.com/doi/full/10.1111/joa.13063?casa_token=pMlpaK8sQgwAAAAA%3APmHdqp4CaHk6lUd2gzirmXd8uH3Ep5S62ldJNGGqDEjpfVaIlwlzAP_G3qs8rMe2GpkrSU41PP9D1vVa
15,Padilla,2019,Fig 2,Ectotherm,Amphibia,Xenopus_laevis,Xenopus laevis,Aquatic,Invasive,Site 1,Site 2,Adult,Male,,-0.285579,47.089832,-0.304805,46.9485,16.8,1980,2000,20,0.84,715.7,758.8,43.1,11.65416667,11.52083333,-0.133333333,,Organ,Cardiovascular,Heart mass,g,0.694444444,0.193250301,0.061111111,10,0.661111111,0.193250301,0.061111111,10,1,-0.049190244,,,
16,Louppe,2017,Fig 3,Ectotherm,Amphibia,Xenopus_laevis,Xenopus laevis,Aquatic,Invasive,Site 1,Site 2,Adult,Female,36.14,-0.285579,47.089832,-0.304805,46.9485,16.8,1980,2000,20,0.84,715.7,758.8,43.1,11.65416667,11.52083333,-0.133333333,22,Organism,Locomotor capacity,Endurance,s,75.9697733,1.007556675,,20,91.4861461,1.61209068,,20,1,0.185852011,,Differences in mobility at the range edge of an expanding invasive population of Xenopus laevis in the west of France,https://jeb.biologists.org/content/220/2/278.short
16,Louppe,2017,Fig 3,Ectotherm,Amphibia,Xenopus_laevis,Xenopus laevis,Aquatic,Invasive,Site 1,Site 2,Adult,Male,36.64,-0.285579,47.089832,-0.304805,46.9485,16.8,1980,2000,20,0.84,715.7,758.8,43.1,11.65416667,11.52083333,-0.133333333,22,Organism,Locomotor capacity,Endurance,,110.0251889,1.20906801,,14,148.3123426,1.20906801,,33,1,0.298611143,,,
17,Myles-Gonzalez,2015,Fig 4,Ectotherm,Osteichthyes,Neogobius_melanostomus,Neogobius melanostomus,Aquatic,Invasive,Hastings,Little lake,Adult,Male,4.2,-77.952872,44.31078,-78.30916,44.29749,60,2003,2012,9,6.666666667,861.1,824.5,-36.6,6.6625,6.366666667,-0.295833333,20,Organism,Metabolism,Resting MR,mg O2 h,0.768,0.15919799,0.048,11,1.0272,0.31839598,0.096,11,1,0.2908022,,"To boldly go where no goby has gone before: boldness, dispersal tendency, and metabolism at the invasion front",https://academic.oup.com/beheco/article/26/4/1083/210233
18,Selechnik,2017,raw data,Ectotherm,Amphibia,Rhinella_marina,Rhinella marina,Terrestrial,Invasive,Cairns,Oombulgurri,Adult,Female,131,145.7781,-16.9186,127.8413,-15.1818,2668,1935,2015,80,33.35,2191.6,841.7,-1349.9,24.15416667,28.125,3.970833333,,Cellular,Cardiovascular,RBC,n,94.6,65.12480326,,10,74.4,49.41902468,,10,1,-0.240201534,,Effects of invasion history on physiological responses to immune system activation in invasive Australian cane toads,https://peerj.com/articles/3856/
18,Selechnik,2017,raw data,Ectotherm,Amphibia,Rhinella_marina,Rhinella marina,Terrestrial,Invasive,Cairns,Oombulgurri,Adult,Female,,145.7781,-16.9186,127.8413,-15.1818,2668,1935,2015,80,33.35,2191.6,841.7,-1349.9,24.15416667,28.125,3.970833333,,Cellular,Immunity,WBC,n,2.7,1.734935157,,10,3.6,3.072458299,,10,1,0.287682072,,,
19,Gruber,2017,Fig 2,Ectotherm,Amphibia,Rhinella_marina,Rhinella marina,Terrestrial,Invasive,Cairns,Middle Point,Adult,Female,,145.933333,-17.933333,131.3,-12.566667,2360,1938,2003,65,36.30769231,2439.8,1423,-1016.8,23.35,27.36666667,4.016666667,,Organism,Activity,Activity,s,25.0249584,5.324459235,1.331114809,16,108.8851913,6.389351082,1.59733777,16,2,1.470420374,,Geographic divergence in dispersal-related behaviour in cane toads from range-front versus range-core populations in Australi,https://link.springer.com/content/pdf/10.1007/s00265-017-2266-8.pdf
19,Gruber,2017,Fig 2,Ectotherm,Amphibia,Rhinella_marina,Rhinella marina,Terrestrial,Invasive,Cairns,Purnululu,Adult,Female,,145.933333,-17.933333,128.55,-17.45,2823,1938,2010,72,39.20833333,2439.8,563.8,-1876,23.35,27.11666667,3.766666667,,Organism,Activity,Activity,s,25.0249584,5.324459235,1.331114809,16,135.7737105,6.389351082,1.59733777,16,2,1.691115943,,,
20,Liebl,2012,Fig 4,Endotherm,Aves,Passer_domesticus,Passer domesticus,Aerial,Invasive,Mombasa,Watamu,Adult,Mixed,,39.61201,-4.031752,39.998987,-3.337951,120,1950,1960,10,12,1115.3,1108.5,-6.8,26.69583333,25.54583333,-1.15,,Macromolecule,Hormone,Corticosterone,,0.256186317,0.094170423,,12,0.484716157,0.048034934,,12,7,0.637658495,restrainted,Exploratory behaviour and stressor hyper-responsiveness facilitate range expansion of an introduced songbird,https://royalsocietypublishing.org/doi/10.1098/rspb.2012.1606
20,Liebl,2012,Fig 4,Endotherm,Aves,Passer_domesticus,Passer domesticus,Aerial,Invasive,Mombasa,Voi,Adult,Mixed,,39.61201,-4.031752,38.558106,-3.388464,160,1950,1970,20,8,1116.3,684,-432.3,26.69583333,24.0125,-2.683333333,,Macromolecule,Hormone,Corticosterone,,0.256186317,0.094170423,,12,0.247452693,0.077147016,,13,7,-0.034685558,,,
20,Liebl,2012,Fig 4,Endotherm,Aves,Passer_domesticus,Passer domesticus,Aerial,Invasive,Mombasa,Nairobi,Adult,Mixed,,39.61201,-4.031752,36.804791,-1.345754,500,1950,1980,30,16.66666667,1117.3,944.4,-172.9,26.69583333,18.14166667,-8.554166667,,Macromolecule,Hormone,Corticosterone,,0.256186317,0.094170423,,12,0.585152838,0.062590975,,13,7,0.825968094,,,
20,Liebl,2012,Fig 4,Endotherm,Aves,Passer_domesticus,Passer domesticus,Aerial,Invasive,Mombasa,Nakuru,Adult,Mixed,,39.61201,-4.031752,36.078165,-0.260193,630,1950,1990,40,15.75,1118.3,1003.8,-114.5,26.69583333,17.1,-9.595833333,,Macromolecule,Hormone,Corticosterone,,0.256186317,0.094170423,,12,0.513828239,0.093158661,,12,7,0.695984062,,,
20,Liebl,2012,Fig 4,Endotherm,Aves,Passer_domesticus,Passer domesticus,Aerial,Invasive,Mombasa,Nyeri,Adult,Mixed,,39.61201,-4.031752,36.964715,-0.444418,650,1950,2000,50,13,1119.3,1160.2,40.9,26.69583333,16.65,-10.04583333,,Macromolecule,Hormone,Corticosterone,,0.256186317,0.094170423,,12,0.423580786,0.061135371,,13,7,0.502839272,,,
20,Liebl,2012,Fig 4,Endotherm,Aves,Passer_domesticus,Passer domesticus,Aerial,Invasive,Mombasa,Isiolo,Adult,Mixed,,39.61201,-4.031752,37.586812,0.339862,755,1950,2005,55,13.72727273,1120.3,1174.5,54.2,26.69583333,22.54583333,-4.15,,Macromolecule,Hormone,Corticosterone,,0.256186317,0.094170423,,12,0.768558952,0.064046579,,11,7,1.098612289,,,
20,Liebl,2012,Fig 4,Endotherm,Aves,Passer_domesticus,Passer domesticus,Aerial,Invasive,Mombasa,Kakamega,Adult,Mixed,,39.61201,-4.031752,34.756082,0.279629,885,1950,2007,57,15.52631579,1121.3,1881.5,760.2,26.69583333,21.31666667,-5.379166667,,Macromolecule,Hormone,Corticosterone,,0.256186317,0.094170423,,12,0.866084425,0.075691412,,11,7,1.218077411,,,
21,Martin,2017,Fig 2,Endotherm,Aves,Passer_domesticus,Passer domesticus,Aerial,Invasive,Dekar,Saint Louis,Adult,Mixed,23.7,-17.463767,14.74139,-16.464481,16.041392,179,1970,2007,37,4.837837838,457.7,275.2,-182.5,24.3,26,1.7,,Macromolecule,Hormone,Corticosterone,ng ml,16.66666667,9.074407317,1.98019802,21,10.0660066,5.354779122,1.485148515,13,2,-0.504246653,non-restrained,Corticosterone regulation in house sparrows invading Senegal,https://www.sciencedirect.com/science/article/pii/S0016648017301302?casa_token=LrVHlktj0DsAAAAA:-UDIOHDcJbW-dZln3tdFrxNZQdqK7nQd4mLwN_cLBFpogkKpBUh_twLn_Aj86ea_p9cMLI81LA
21,Martin,2017,Fig 2,Endotherm,Aves,Passer_domesticus,Passer domesticus,Aerial,Invasive,Dekar,Richard Toll,Adult,Mixed,23.7,-17.463767,14.74139,-16.48216,16.032007,271,1970,2007,37,7.324324324,457.7,275.2,-182.5,24.3,27.6,3.3,,Macromolecule,Hormone,Corticosterone,ng ml,16.66666667,9.074407317,1.98019802,21,7.590759076,5.940594059,1.485148515,16,2,-0.78647912,,,
21,Martin,2017,Fig 2,Endotherm,Aves,Passer_domesticus,Passer domesticus,Aerial,Invasive,Dekar,Saint Louis,Adult,Mixed,,-17.463767,14.74139,-16.464481,16.041392,179,1970,2007,37,4.837837838,457.7,275.2,-182.5,24.3,26,1.7,,Macromolecule,Hormone,Corticosterone,ng ml,22.27722772,14.36781158,3.135313531,21,31.84818482,10.11458279,2.805280528,13,2,0.35741541,restrained,,
21,Martin,2017,Fig 2,Endotherm,Aves,Passer_domesticus,Passer domesticus,Aerial,Invasive,Dekar,Richard Toll,Adult,Mixed,,-17.463767,14.74139,-16.48216,16.032007,271,1970,2007,37,7.324324324,457.7,275.2,-182.5,24.3,27.6,3.3,,Macromolecule,Hormone,Corticosterone,ng ml,22.27722772,14.36781158,3.135313531,21,44.38943894,23.10231023,5.775577558,16,2,0.689436601,,,
22,Martin,2017,Fig 2,Endotherm,Aves,Passer_domesticus,Passer domesticus,Aerial,Invasive,Mombasa,Nairobi,Adult,Mixed,,39.61201,-4.031752,39.998987,-3.337951,500,1950,1980,30,16.66666667,1115.3,944.4,-170.9,26.69583333,18.14166667,-8.554166667,30,Organism,Metabolism,Resting MR,ml O2 g min,2.016431925,0.260214206,0.075117371,12,2.241784038,0.281063466,0.075117371,14,2,0.105942418,,Costs of immunity and their role in the range expansion of the house sparrow in Kenya,https://jeb.biologists.org/content/220/12/2228?utm_source=TrendMD&utm_medium=cpc&utm_campaign=J_Exp_Biol_TrendMD_0
22,Martin,2017,Fig 2,Endotherm,Aves,Passer_domesticus,Passer domesticus,Aerial,Invasive,Mombasa,Nakuru,Adult,Mixed,,39.61201,-4.031752,36.078165,-0.260193,650,1950,1990,40,16.25,1115.3,1003.8,-111.5,26.69583333,17.1,-9.595833333,30,Organism,Metabolism,Resting MR,ml O2 g min,2.016431925,0.260214206,0.075117371,12,2.373239437,0.316196399,0.084507042,14,2,0.162926297,,,
22,Martin,2017,Fig 4,Endotherm,Aves,Passer_domesticus,Passer domesticus,Aerial,Invasive,Mombasa,Nairobi,Adult,Mixed,,39.61201,-4.031752,39.998987,-3.337951,500,1950,1980,30,16.66666667,1115.3,944.4,-170.9,26.69583333,18.14166667,-8.554166667,,Macromolecule,Oxidative status,Reactive oxygen metabolite,,0.685517241,0.133785993,0.03862069,12,0.656551724,0.098057228,0.026206897,14,2,-0.043172172,,,
22,Martin,2017,Fig 4,Endotherm,Aves,Passer_domesticus,Passer domesticus,Aerial,Invasive,Mombasa,Nakuru,Adult,Mixed,,39.61201,-4.031752,36.078165,-0.260193,650,1950,1990,40,16.25,1115.3,1003.8,-111.5,26.69583333,17.1,-9.595833333,,Macromolecule,Oxidative status,Reactive oxygen metabolite,,0.685517241,0.133785993,0.03862069,12,0.685517241,0.144505389,0.03862069,14,2,0,,,
22,Martin,2017,Fig 4,Endotherm,Aves,Passer_domesticus,Passer domesticus,Aerial,Invasive,Mombasa,Nairobi,Adult,Mixed,,39.61201,-4.031752,39.998987,-3.337951,500,1950,1980,30,16.66666667,1115.3,944.4,-170.9,26.69583333,18.14166667,-8.554166667,,Macromolecule,Oxidative status,Total antioxidant capacity,,1934.969325,306.0310629,88.34355828,12,1890.797546,413.1891593,110.4294479,14,2,-0.023092752,,,
22,Martin,2017,Fig 4,Endotherm,Aves,Passer_domesticus,Passer domesticus,Aerial,Invasive,Mombasa,Nakuru,Adult,Mixed,,39.61201,-4.031752,36.078165,-0.260193,650,1950,1990,40,16.25,1115.3,1003.8,-111.5,26.69583333,17.1,-9.595833333,,Macromolecule,Oxidative status,Total antioxidant capacity,,1934.969325,306.0310629,88.34355828,12,1806.134969,247.9134956,66.25766871,14,2,-0.068902288,,,
23,McCann,2018,Fig 2,Ectotherm,Amphibia,Rhinella_marina,Rhinella marina,Terrestrial,Invasive,Smithfield,Leaning Tree Lagoon,Adult,Mixed,141.4,145.688713,-16.825886,131.419141,-12.71197,2377,1935,2005,70,33.95714286,1748.7,1386.8,-361.9,24.15416667,27.14583333,2.991666667,24,Organism,Thermal tolerance,CTmin,,10.54674221,2.476896107,0.280453258,78,10.45325779,2.14027678,0.229461756,87,4,0.008903337,,Physiological plasticity in a successful invader: rapid acclimation to cold occurs only in cool-climate populations of cane toads (Rhinella marina),https://academic.oup.com/conphys/article/6/1/cox072/4791884?login=true
23,McCann,2018,Fig 2,Ectotherm,Amphibia,Rhinella_marina,Rhinella marina,Terrestrial,Invasive,Smithfield,Woombah,Adult,Mixed,49,145.688713,-16.825886,153.253596,-29.354637,1951,1935,1978,43,45.37209302,1748.7,1398.1,-350.6,24.15416667,19.27916667,-4.875,24,Organism,Thermal tolerance,CTmin,,10.54674221,2.476896107,0.280453258,78,9.280453258,3.573692286,0.526912181,46,4,0.127906629,,,
23,McCann,2018,Fig 2,Ectotherm,Amphibia,Rhinella_marina,Rhinella marina,Terrestrial,Invasive,Smithfield,Leaning Tree Lagoon,Adult,Mixed,141.4,145.688713,-16.825886,131.419141,-12.71197,2377,1935,2005,70,33.95714286,1748.7,1386.8,-361.9,24.15416667,27.14583333,2.991666667,12,Organism,Thermal tolerance,CTmin,,10.58073654,2.927240854,0.331444759,78,10.54674221,1.902468249,0.203966006,87,4,0.003218024,,,
23,McCann,2018,Fig 2,Ectotherm,Amphibia,Rhinella_marina,Rhinella marina,Terrestrial,Invasive,Smithfield,Woombah,Adult,Mixed,49,145.688713,-16.825886,153.253596,-29.354637,1951,1935,1978,43,45.37209302,1748.7,1398.1,-350.6,24.15416667,19.27916667,-4.875,12,Organism,Thermal tolerance,CTmin,,10.58073654,2.927240854,0.331444759,78,6.985835694,1.671565747,0.246458924,46,4,0.415150414,,,
24,Courant,2019,Fig 3,Ectotherm,Amphibia,Xenopus_laevis,Xenopus laevis,Aquatic,Invasive,Site 1,Site 2,Adult,Female,,-0.285579,47.089832,-0.454494,47.331917,29.9,1980,2000,20,1.495,715.7,708.2,-7.5,11.65416667,11.5375,-0.116666667,,Organism,Activity,Activity,,0.433333333,0.028042328,,116,0.511640212,0.026984127,,117,1,0.166114412,,Rapid changes in dispersal on a small spatial scale at the range edge of an expanding population,https://link.springer.com/article/10.1007/s10682-019-09996-x
24,Courant,2019,Fig 3,Ectotherm,Amphibia,Xenopus_laevis,Xenopus laevis,Aquatic,Invasive,Site 1,Site 2,Adult,Male,,-0.285579,47.089832,-0.454494,47.331917,29.9,1980,2000,20,1.495,715.7,708.2,-7.5,11.65416667,11.5375,-0.116666667,,Organism,Activity,Activity,,0.439153439,0.028042328,,131,0.579365079,0.032275132,,87,1,0.277083941,,,
25,Pizzatto,2017,Fig 1,Ectotherm,Amphibia,Rhinella_marina,Rhinella marina,Terrestrial,Invasive,Adelaide River floodplain,Lake Argyle,Adult,Mixed,,131.316667,-12.566667,128.733333,-16.1,517.8,2005,2016,11,47.07272727,1423,729.6,-693.4,27.36666667,28.00416667,0.6375,,Organism,Activity,Activity,,73.53760446,26.05313192,7.520891365,12,243.5933148,182.1765352,37.18662953,24,1,1.197703191,,The accelerating invasion: dispersal rates of cane toads at an invasion front compared to an already-colonized location,https://link.springer.com/article/10.1007/s10682-017-9896-1
26,Stuart,2018,text,Ectotherm,Amphibia,Rhinella_marina,Rhinella marina,Terrestrial,Invasive,Townsville,Middle Point,Adult,Mixed,174.0825,146.82,-19.26,131.33,-12.56,2497,1935,2003,68,36.72058824,1111,1423,312,24.175,27.36666667,3.191666667,27.5,Organism,Locomotor capacity,Sprint speed,m,5.52,0.58,0.29,4,5.73,0.98,0.49,4,2,0.03733767,,Proximate mechanisms underlying the rapid modification of phenotypic traits in cane toads (Rhinella marina) across their invasive range within Australia,https://academic.oup.com/biolinnean/article-abstract/126/1/68/5189714?redirectedFrom=fulltext
26,Stuart,2018,text,Ectotherm,Amphibia,Rhinella_marina,Rhinella marina,Terrestrial,Invasive,Townsville,Kununurra ,Adult,Mixed,150.51,146.82,-19.26,128.74,-15.78,2622,1935,2011,76,34.5,1111,768,-343,24.175,28.20833333,4.033333333,27.5,Organism,Locomotor capacity,Sprint speed,m,5.52,0.58,0.29,4,4.73,0.68,0.34,4,2,-0.154452658,,,
27,Philips,2010,Table 1,Ectotherm,Amphibia,Rhinella_marina,Rhinella marina,Terrestrial,Invasive,Cairns,Normanton,Adult,Mixed,,145.7341,-16.890663,140.979926,-17.761193,505,1936,1966,30,16.83333333,2191.6,811.3,-1380.3,24.7,27.12916667,2.429166667,,Organism,Activity,Activity,,2.57,1.186,,9,3.31,1.247,,8,3,0.25304229,,Evolutionarily accelerated invasions: the rate of dispersal evolves upwards during the range advance of cane toads,https://onlinelibrary.wiley.com/doi/full/10.1111/j.1420-9101.2010.02118.x
27,Philips,2010,Table 1,Ectotherm,Amphibia,Rhinella_marina,Rhinella marina,Terrestrial,Invasive,Cairns,Borroloola,Adult,Mixed,,145.7341,-16.890663,136.308018,-16.071387,1013,1936,1988,52,19.48076923,2191.6,843.1,-1348.5,24.7,26.95,2.25,,Organism,Activity,Activity,,2.57,1.186,,9,3.16,1.259,,10,3,0.206666129,,,
27,Philips,2010,Table 1,Ectotherm,Amphibia,Rhinella_marina,Rhinella marina,Terrestrial,Invasive,Cairns,Timber Creek,Adult,Mixed,,145.7341,-16.890663,130.467952,-15.650431,1636,1936,2006,70,23.37142857,2191.6,861.6,-1330,24.7,27.75416667,3.054166667,,Organism,Activity,Activity,,2.57,1.186,,9,3.52,1.699,,4,3,0.314555091,,,
28,Lopez,2012,Fig 3,Ectotherm,Osteichthyes,Hemichromis_letourneuxi,Hemichromis letourneuxi,Aquatic,Invasive,Chekika,L31W Marsh,Adult,Mixed,,-80.583333,25.616667,-80.583333,25.466667,10,2000,2002,2,5,1513.6,1491.8,-21.8,24.31666667,24.4625,0.145833333,,Organism,Condition,Body condition,,2.482758621,0.279667243,0.045977011,37,2.747126437,0.508872267,0.08045977,40,5,0.101185144,L31W Marsh,Nonnative African jewelfish are more fit but not bolder at the invasion front: a trait comparison across an Everglades range expansion,https://link.springer.com/article/10.1007/s10530-012-0221-1
28,Lopez,2012,Fig 3,Ectotherm,Osteichthyes,Hemichromis_letourneuxi,Hemichromis letourneuxi,Aquatic,Invasive,Chekika,Taylor Slough,Adult,Mixed,,-80.583333,25.616667,-80.6,25.4,15,2000,2002,2,7.5,1513.6,1491.8,-21.8,24.31666667,24.4625,0.145833333,,Organism,Condition,Body condition,,2.482758621,0.279667243,0.045977011,37,2.83908046,0.373519007,0.045977011,66,5,0.134109929,Taylor Slough,,
28,Lopez,2012,Fig 3,Ectotherm,Osteichthyes,Hemichromis_letourneuxi,Hemichromis letourneuxi,Aquatic,Invasive,Chekika,Pahyokee,Adult,Mixed,,-80.583333,25.616667,-80.783333,25.433333,18,2000,2003,3,6,1513.6,1450.9,-62.7,24.31666667,24.49583333,0.179166667,,Organism,Condition,Body condition,,2.482758621,0.279667243,0.045977011,37,2.954022989,0.467746895,0.068965517,46,5,0.173797677,Pahyokee,,
28,Lopez,2012,Fig 3,Ectotherm,Osteichthyes,Hemichromis_letourneuxi,Hemichromis letourneuxi,Aquatic,Invasive,Chekika,Mahogany Hammock,Adult,Mixed,,-80.583333,25.616667,-80.833333,25.333333,25,2000,2005,5,5,1513.6,1410.6,-103,24.31666667,24.75,0.433333333,,Organism,Condition,Body condition,,2.482758621,0.279667243,0.045977011,37,2.965517241,0.469157049,0.08045977,34,5,0.177681177,Mahogany Hammock,,
28,Lopez,2012,Fig 3,Ectotherm,Osteichthyes,Hemichromis_letourneuxi,Hemichromis letourneuxi,Aquatic,Invasive,Chekika,East of Pahyokee,Adult,Mixed,,-80.583333,25.616667,-80.8,25.283333,26,2000,2007,7,3.714285714,1513.6,1410.6,-103,24.31666667,24.75,0.433333333,,Organism,Condition,Body condition,,2.482758621,0.279667243,0.045977011,37,3.137931034,0.528235646,0.091954023,33,5,0.234193388,East of Pahyokee,,
29,Rebrina,2015,Fig 3,Ectotherm,Invertebrate,Pacifastacus leniusculus,Pacifastacus leniusculus,Aquatic,Invasive,Core D,Front D,Adult,Male,,15.581779,45.390096,15.608043,45.413053,2.56,2010,2012,2,1.28,1253.5,1253.5,0,10.74166667,10.74166667,0,,Organism,Condition,Body condition,,0.032283737,0.00733564,,20,0.039204152,0.009550173,,20,1,0.19421906,,Trait variability of the signal crayfish (Pacifastacus leniusculus) in a recently invaded region reflects potential benefits and trade-offs during dispersal,https://citeseerx.ist.psu.edu/viewdoc/download?doi=10.1.1.688.8473&rep=rep1&type=pdf
29,Rebrina,2015,Fig 3,Ectotherm,Invertebrate,Pacifastacus leniusculus,Pacifastacus leniusculus,Aquatic,Invasive,Core U,Front U,Adult,Male,,15.53749,45.376053,15.508136,45.367314,4.2,2010,2012,2,2.1,1253.5,1253.5,0,10.74166667,10.74166667,0,,Organism,Condition,Body condition,,0.034359862,0.010380623,,20,0.036297578,0.003598616,,4,1,0.054861944,,,
29,Rebrina,2015,Fig 3,Ectotherm,Invertebrate,Pacifastacus leniusculus,Pacifastacus leniusculus,Aquatic,Invasive,Core D,Front D,Adult,Female,,15.581779,45.390096,15.608043,45.413053,2.56,2010,2012,2,1.28,1253.5,1253.5,0,10.74166667,10.74166667,0,,Organism,Condition,Body condition,,0.029846154,0.003230769,,20,0.032984615,0.002123077,,20,1,0.09998527,,,
29,Rebrina,2015,Fig 3,Ectotherm,Invertebrate,Pacifastacus leniusculus,Pacifastacus leniusculus,Aquatic,Invasive,Core U,Front U,Adult,Female,,15.53749,45.376053,15.508136,45.367314,4.2,2010,2012,2,2.1,1253.5,1253.5,0,10.74166667,10.74166667,0,,Organism,Condition,Body condition,,0.031692308,0.002307692,,20,0.031976923,0.001569231,,10,1,0.008940497,,,
30,Llywellyn,2012,Fig 3,Ectotherm,Amphibia,Rhinella_marina,Rhinella marina,Terrestrial,Invasive,Cairns,Normanton,Adult,Mixed,55.2,145.7341,-16.890663,140.979926,-17.761193,505,1936,1966,30,16.83333333,2191.6,811.3,-1380.3,24.7,27.12916667,2.429166667,32,Organism,Metabolism,Resting MR,ml O2 g h,0.215254237,0.051997931,0.015677966,11,0.205932203,0.060181426,0.017372881,12,3,-0.044272824,,Reduced investment in immune function in invasion-front populations of the cane toad (Rhinella marina) in Australia,https://link.springer.com/article/10.1007/s10530-011-0135-3
30,Llywellyn,2012,Fig 3,Ectotherm,Amphibia,Rhinella_marina,Rhinella marina,Terrestrial,Invasive,Cairns,Borroloola,Adult,Mixed,45.5,145.7341,-16.890663,136.308018,-16.071387,1013,1936,1988,52,19.48076923,2191.6,843.1,-1348.5,24.7,26.95,2.25,32,Organism,Metabolism,Resting MR,ml O2 g h,0.215254237,0.051997931,0.015677966,11,0.244491525,0.06642684,0.027118644,6,3,0.127360819,,,
30,Llywellyn,2012,Fig 3,Ectotherm,Amphibia,Rhinella_marina,Rhinella marina,Terrestrial,Invasive,Cairns,Timber Creek,Adult,Mixed,42.8,145.7341,-16.890663,130.467952,-15.650431,1636,1936,2006,70,23.37142857,2191.6,861.6,-1330,24.7,27.75416667,3.054166667,32,Organism,Metabolism,Resting MR,ml O2 g h,0.215254237,0.051997931,0.015677966,11,0.224152542,0.087489483,0.061864407,2,3,0.040506984,,,
31,Kosmala,2020,Fig 2,Ectotherm,Amphibia,Rhinella_marina,Rhinella marina,Terrestrial,Invasive,Townsville,Brooms Head,Adult,Mixed,118.6,146.817878,-19.257622,153.335825,-29.606344,1712,1935,2005,70,24.45714286,1111,1440.2,329.2,24.1,19.2,-4.9,25,Macromolecule,Heat shock protein,HSP70,ng ml,0.154867257,0.04300112,0.007374631,34,0.157079646,0.025289717,0.005162242,24,3,0.014184635,,Laid-back invaders: Cane toads (Rhinella marina) down-regulate their stress responses as they colonize a harsh climate,https://www.sciencedirect.com/science/article/pii/S2351989420307897#sec5
31,Kosmala,2020,Fig 2,Ectotherm,Amphibia,Rhinella_marina,Rhinella marina,Terrestrial,Invasive,Townsville,Katherine ,Adult,Mixed,125.9,146.817878,-19.257622,132.260106,-14.463558,2189,1935,2010,75,29.18666667,1111,1055.3,-55.7,24.1,27.5,3.4,25,Macromolecule,Heat shock protein,HSP70,ng ml,0.154867257,0.04300112,0.007374631,34,0.151179941,0.054552336,0.008849558,38,3,-0.024097552,,,
31,Kosmala,2020,Fig 2,Ectotherm,Amphibia,Rhinella_marina,Rhinella marina,Terrestrial,Invasive,Townsville,Oombulgurri,Adult,Mixed,129.12,146.817878,-19.257622,127.845,-15.180278,2839,1935,2013,78,36.3974359,1111,841.7,-269.3,24.1,29.4,5.3,25,Macromolecule,Heat shock protein,HSP70,ng ml,0.154867257,0.04300112,0.007374631,34,0.117256637,0.044247788,0.007374631,36,3,-0.278203328,,,
31,Kosmala,2020,Fig 1,Ectotherm,Amphibia,Rhinella_marina,Rhinella marina,Terrestrial,Invasive,Townsville,Brooms Head,Adult,Mixed,118.6,146.817878,-19.257622,153.335825,-29.606344,1712,1935,2005,70,24.45714286,1111,1440.2,329.2,24.1,19.2,-4.9,25,Macromolecule,Hormone,Corticosterone,ng ml,27.83018868,28.42130641,4.874213836,34,15.72327044,30.81119173,6.289308176,24,3,-0.570979547,,,
31,Kosmala,2020,Fig 1,Ectotherm,Amphibia,Rhinella_marina,Rhinella marina,Terrestrial,Invasive,Townsville,Katherine ,Adult,Mixed,125.9,146.817878,-19.257622,132.260106,-14.463558,2189,1935,2010,75,29.18666667,1111,1055.3,-55.7,24.1,27.5,3.4,25,Macromolecule,Hormone,Corticosterone,ng ml,27.83018868,28.42130641,4.874213836,34,34.27672956,54.27785915,8.805031447,38,3,0.20834533,,,
31,Kosmala,2020,Fig 1,Ectotherm,Amphibia,Rhinella_marina,Rhinella marina,Terrestrial,Invasive,Townsville,Oombulgurri,Adult,Mixed,129.12,146.817878,-19.257622,127.845,-15.180278,2839,1935,2013,78,36.3974359,1111,841.7,-269.3,24.1,29.4,5.3,25,Macromolecule,Hormone,Corticosterone,ng ml,27.83018868,28.42130641,4.874213836,34,19.96855346,32.0754717,5.34591195,36,3,-0.331962646,,,
32,Krause,2016,Fig 3,Endotherm,Aves,Zonotrichia_leucophrys,Zonotrichia leucophrys,Aerial,Native,Toolik Lake,Franklin Bluffs,Adult,Male,,-149.3,68.616667,-148.6,69.833333,112,1995,2013,18,6.222222222,198.2,151,-47.2,-11.19166667,-10.05,1.141666667,,Organism,Condition,Fat score,,2.271052632,1.112149599,0.497368421,5,2.013157895,1.235721777,0.552631579,5,1,-0.120538857,,Breeding on the leading edge of a northward range expansion: differences in morphology and the stress response in the arctic Gambels white?crowned sparrow,https://link.springer.com/content/pdf/10.1007/s00442-015-3447-7.pdf
32,Krause,2016,Fig 3,Endotherm,Aves,Zonotrichia_leucophrys,Zonotrichia leucophrys,Aerial,Native,Toolik Lake,Franklin Bluffs,Adult,Male,,-149.3,68.616667,-148.6,69.833333,112,1995,2013,18,6.222222222,198.2,151,-47.2,-11.19166667,-10.05,1.141666667,,Organ,Musculoskeletal,Muscle profile,,3.004405286,0.467899687,0.209251101,5,3.037444934,0.418647088,0.18722467,5,1,0.010937039,,,
32,Krause,2016,Fig 4,Endotherm,Aves,Zonotrichia_leucophrys,Zonotrichia leucophrys,Aerial,Native,Toolik Lake,Franklin Bluffs,Adult,Male,,-149.3,68.616667,-148.6,69.833333,112,1995,2013,18,6.222222222,198.2,151,-47.2,-11.19166667,-10.05,1.141666667,,Macromolecule,Hormone,Corticosterone,ng ml,4.090909091,4.065578141,1.818181818,5,16.36363636,9.147550817,4.090909091,5,1,1.386294361,,,
33,Martin,2014,Fig 1,Endotherm,Aves,Passer_domesticus,Passer domesticus,Aerial,Invasive,Mombasa,Nairobi,Adult,Mixed,,39.61201,-4.031752,39.998987,-3.337951,500,1950,1980,30,16.66666667,1115.3,944.4,-170.9,26.69583333,18.14166667,-8.554166667,,Macromolecule,Hormone,Corticosterone,ng ml,16.49122807,14.88645855,5.263157895,8,48.77192982,38.07300499,10.1754386,14,2,1.084326331,,Physiological flexibility in an avian range expansion,https://www.sciencedirect.com/science/article/pii/S0016648014002871
33,Martin,2014,Fig 1,Endotherm,Aves,Passer_domesticus,Passer domesticus,Aerial,Invasive,Mombasa,Nakuru,Adult,Mixed,,39.61201,-4.031752,36.078165,-0.260193,650,1950,1990,40,16.25,1115.3,1003.8,-111.5,26.69583333,17.1,-9.595833333,,Macromolecule,Hormone,Corticosterone,ng ml,16.49122807,14.88645855,5.263157895,8,43.50877193,18.56667587,7.01754386,7,2,0.970133964,,,
34,Lombaert,2014,Fig 2,Ectotherm,Invertebrate,Harmonia_axyridis,Harmonia axyridis,Aerial,Invasive,Brussels,Laboissiére-en-Thelle,Adult,Mixed,0.0449,4.368,50.839,2.158,49.288,233,2001,2004,3,77.66666667,813.1,696.5,-116.6,9.495833333,9.758333333,0.2625,23,Organism,Locomotor capacity,Endurance,m,2491.324,619.7947,63.92694,94,2528.995,603.9838,61.64384,96,3,0.015007695,,Rapid increase in dispersal during range expansion in the invasive ladybird Harmonia axyridis,https://onlinelibrary.wiley.com/doi/full/10.1111/jeb.12316
34,Lombaert,2014,Fig 2,Ectotherm,Invertebrate,Harmonia_axyridis,Harmonia axyridis,Aerial,Invasive,Brussels,Fondettes,Adult,Mixed,0.046,4.368,50.839,0.637,47.402,469,2001,2006,5,93.8,813.1,675.9,-137.2,9.495833333,11.27083333,1.775,23,Organism,Locomotor capacity,Endurance,m,2491.324,619.7947,63.92694,94,2539.269,730.4723,75.34247,94,3,0.019061948,,,
34,Lombaert,2014,Fig 2,Ectotherm,Invertebrate,Harmonia_axyridis,Harmonia axyridis,Aerial,Invasive,Brussels,Chize,Adult,Mixed,0.0462,4.368,50.839,-0.424,46.148,629,2001,2009,8,78.625,813.1,847.6,34.5,9.495833333,12.35833333,2.8625,23,Organism,Locomotor capacity,Endurance,m,2491.324,619.7947,63.92694,94,2850.913,749.3873,76.48402,96,3,0.134824998,,,
34,Lombaert,2014,Fig 2,Ectotherm,Invertebrate,Harmonia_axyridis,Harmonia axyridis,Aerial,Invasive,Walhain,Clairvaux,Adult,Mixed,0.0453,4.668,50.612,4.784,48.17,270,2001,2006,5,54,819.4,805.2,-14.2,8.995833333,9.954166667,0.958333333,23,Organism,Locomotor capacity,Endurance,m,2541.553,517.4105,53.65297,93,2728.767,704.559,73.05936,93,3,0.071074547,,,
34,Lombaert,2014,Fig 2,Ectotherm,Invertebrate,Harmonia_axyridis,Harmonia axyridis,Aerial,Invasive,Walhain,Quincieux,Adult,Mixed,0.0469,4.668,50.612,4.758,45.909,522,2001,2007,6,87,819.4,826.7,7.3,8.995833333,11.15833333,2.1625,23,Organism,Locomotor capacity,Endurance,m,2541.553,517.4105,53.65297,93,2789.269,553.3881,57.07763,94,3,0.093004243,,,
34,Lombaert,2014,Fig 2,Ectotherm,Invertebrate,Harmonia_axyridis,Harmonia axyridis,Aerial,Invasive,Walhain,Prades-le-Lez,Adult,Mixed,0.0455,4.668,50.612,3.863,43.698,770,2001,2008,7,110,819.4,790.2,-29.2,8.995833333,13.77916667,4.783333333,23,Organism,Locomotor capacity,Endurance,m,2541.553,517.4105,53.65297,93,2655.708,671.5328,69.6347,93,3,0.043935974,,,
35,Brusch,2019,Fig 6,Ectotherm,Amphibia,Rhinella_marina,Rhinella marina,Terrestrial,Invasive,Cairns,Cape Crawford,Adult,Mixed,134.69,145.7341,-16.890663,135.764254,-16.634408,1104,1935,1986,51,21.64705882,2191.6,587.3,-1604.3,24.7,26.80833333,2.108333333,,Organism,Immunity,BKA,%,39.92995,10.192644,3.223197,10,36.98774,10.402802,3.289655,10,3,-0.076540162,,"Cane toads (Rhinella marina) rely on water access, not drought tolerance, to invade xeric Australian environments",https://link.springer.com/article/10.1007/s00442-018-4321-1
35,Brusch,2019,Fig 6,Ectotherm,Amphibia,Rhinella_marina,Rhinella marina,Terrestrial,Invasive,Cairns,Middle Point,Adult,Mixed,118.4,145.7341,-16.890663,131.33,-12.56,2350,1935,2005,70,33.57142857,2191.6,1423,-768.6,24.7,27.36666667,2.666666667,,Organism,Immunity,BKA,%,39.92995,10.192644,3.223197,10,17.96848,9.877408,3.123511,10,3,-0.798507557,,,
35,Brusch,2019,Fig 6,Ectotherm,Amphibia,Rhinella_marina,Rhinella marina,Terrestrial,Invasive,Cairns,Wave Hill,Adult,Mixed,113.81,145.7341,-16.890663,129.720237,-15.899483,2327,1935,2013,78,29.83333333,2191.6,822.6,-1369,24.7,27.6,2.9,,Organism,Immunity,BKA,%,39.92995,10.192644,3.223197,10,14.81611,10.402802,3.289655,10,3,-0.991411567,,,
36,Therry,2014,Fig 2,Ectotherm,Invertebrate,Coenagrion scitulum,Coenagrion scitulum,Aerial,Native,C3,E1,Adult,Female,0.013,1.628538,50.120503,3.584104,51.301358,191,1990,2010,20,9.55,735.9,765.3,29.4,10.15416667,10.17916667,0.025,,Organism,Condition,Body condition,,14.32432432,1.87248736,0.540540541,12,11.75675676,1.418918919,0.472972973,9,3,-0.197530975,,What factors shape female phenotypes of a poleward-moving damselfly at the edge of its range?,https://academic.oup.com/biolinnean/article/112/3/556/2415939?login=true
36,Therry,2014,Fig 2,Ectotherm,Invertebrate,Coenagrion scitulum,Coenagrion scitulum,Aerial,Native,C3,E2,Adult,Female,0.0128,1.628538,50.120503,7.513017,49.334365,433.51,1990,2010,20,21.6755,735.9,699.8,-36.1,10.15416667,8.995833333,-1.158333333,,Organism,Condition,Body condition,,14.32432432,1.87248736,0.540540541,12,12.22972973,1.495671866,0.472972973,10,3,-0.158089243,,,
36,Therry,2014,Fig 2,Ectotherm,Invertebrate,Coenagrion scitulum,Coenagrion scitulum,Aerial,Native,C3,E3,Adult,Female,0.0113,1.628538,50.120503,6.809892,50.936211,378.1,1990,2010,20,18.905,735.9,832.5,96.6,10.15416667,9.945833333,-0.208333333,,Organism,Condition,Body condition,,14.32432432,1.87248736,0.540540541,12,11.89189189,1.769702818,0.472972973,14,3,-0.18610228,,,
36,Therry,2014,Fig 3,Ectotherm,Invertebrate,Coenagrion scitulum,Coenagrion scitulum,Aerial,Native,C3,E1,Adult,Female,0.013,1.628538,50.120503,3.584104,51.301358,191,1990,2010,20,9.55,735.9,765.3,29.4,10.15416667,10.17916667,0.025,,Organ,Musculoskeletal,Muscle ratio,ratio,0.243510972,0.026062207,0.007523511,12,0.3030721,0.022570533,0.007523511,9,3,0.218808732,,,
36,Therry,2014,Fig 3,Ectotherm,Invertebrate,Coenagrion scitulum,Coenagrion scitulum,Aerial,Native,C3,E2,Adult,Female,0.0128,1.628538,50.120503,7.513017,49.334365,433.51,1990,2010,20,21.6755,735.9,699.8,-36.1,10.15416667,8.995833333,-1.158333333,,Organ,Musculoskeletal,Muscle ratio,ratio,0.243510972,0.026062207,0.007523511,12,0.285203762,0.022800121,0.007210031,10,3,0.158041878,,,
36,Therry,2014,Fig 3,Ectotherm,Invertebrate,Coenagrion scitulum,Coenagrion scitulum,Aerial,Native,C3,E3,Adult,Female,0.0113,1.628538,50.120503,6.809892,50.936211,378.1,1990,2010,20,18.905,735.9,832.5,96.6,10.15416667,9.945833333,-0.208333333,,Organ,Musculoskeletal,Muscle ratio,ratio,0.243510972,0.026062207,0.007523511,12,0.268589342,0.025804534,0.006896552,14,3,0.098021602,,,
37,Brandner,2013,Table 3,Ectotherm,Osteichthyes,Neogobius_melanostomus,Neogobius melanostomus,Aquatic,Invasive,Established,Bad Abbach,Adult,Female,10.4,12.08818,49.023056,11.988059,48.955635,14.31,2007,2009,2,7.155,658.2,718.6,60.4,8.3375,8.220833333,-0.116666667,,Organism,Condition,Body condition,,1.38,0.18,,2757,1.44,0.18,,306,2,0.042559614,,Bigger Is Better: Characteristics of Round Gobies Forming an Invasion Front in the Danube River,https://journals.plos.org/plosone/article?id=10.1371/journal.pone.0073036
37,Brandner,2013,Table 3,Ectotherm,Osteichthyes,Neogobius_melanostomus,Neogobius melanostomus,Aquatic,Invasive,Established,Kelheim,Adult,Female,20.2,12.08818,49.023056,11.924888,48.910861,28.63,2007,2010,3,9.543333333,658.2,718.6,60.4,8.3375,8.220833333,-0.116666667,,Organism,Condition,Body condition,,1.38,0.18,,2757,1.56,0.14,,60,2,0.122602322,,,
37,Brandner,2013,Table 3,Ectotherm,Osteichthyes,Neogobius_melanostomus,Neogobius melanostomus,Aquatic,Invasive,Established,Bad Abbach,Adult,Male,10.3,12.08818,49.023056,11.988059,48.955635,14.31,2007,2009,2,7.155,658.2,718.6,60.4,8.3375,8.220833333,-0.116666667,,Organism,Condition,Body condition,,1.36,0.17,,2478,1.41,0.16,,215,2,0.036105005,,,
37,Brandner,2013,Table 3,Ectotherm,Osteichthyes,Neogobius_melanostomus,Neogobius melanostomus,Aquatic,Invasive,Established,Kelheim,Adult,Male,18.5,12.08818,49.023056,11.924888,48.910861,28.63,2007,2010,3,9.543333333,658.2,718.6,60.4,8.3375,8.220833333,-0.116666667,,Organism,Condition,Body condition,,1.36,0.17,,2478,1.5,0.12,,46,2,0.097980408,,,
37,Brandner,2013,Table 3,Ectotherm,Osteichthyes,Neogobius_melanostomus,Neogobius melanostomus,Aquatic,Invasive,Established,Bad Abbach,Juvenile,Mixed,1,12.08818,49.023056,11.988059,48.955635,14.31,2007,2009,2,7.155,658.2,718.6,60.4,8.3375,8.220833333,-0.116666667,,Organism,Condition,Body condition,,2.13,0.27,,633,1.22,0.24,,95,2,-0.557271121,,,
37,Brandner,2013,Table 3,Ectotherm,Osteichthyes,Neogobius_melanostomus,Neogobius melanostomus,Aquatic,Invasive,Established,Kelheim,Juvenile,Mixed,1.4,12.08818,49.023056,11.924888,48.910861,28.63,2007,2010,3,9.543333333,658.2,718.6,60.4,8.3375,8.220833333,-0.116666667,,Organism,Condition,Body condition,,2.13,0.27,,633,1.4,0.16,,2,2,-0.419649743,,,
38,Brandner,2018,Table 3,Ectotherm,Osteichthyes,Neogobius_melanostomus,Neogobius melanostomus,Aquatic,Invasive,Established,Kelheim,Adult,Female,11,12.08818,49.023056,11.924888,48.910861,28.63,2007,2010,3,9.543333333,658.2,718.6,60.4,8.3375,8.220833333,-0.116666667,,Organism,Condition,Body condition,,1.39,0.13,,228,1.46,0.2,,238,2,0.049132689,,Invasion strategies in round goby (Neogobius melanostomus): Is bigger really better?,https://journals.plos.org/plosone/article?id=10.1371/journal.pone.0190777
38,Brandner,2018,Table 3,Ectotherm,Osteichthyes,Neogobius_melanostomus,Neogobius melanostomus,Aquatic,Invasive,Established,Vohburg,Adult,Female,22.6,12.08818,49.023056,11.487442,48.759269,69.35,2007,2014,7,9.907142857,658.2,739.7,81.5,8.3375,8.575,0.2375,,Organism,Condition,Body condition,,1.39,0.13,,228,1.41,0.34,,10,2,0.014285957,,,
38,Brandner,2018,Table 3,Ectotherm,Osteichthyes,Neogobius_melanostomus,Neogobius melanostomus,Aquatic,Invasive,Established,Kelheim,Adult,Male,14.8,12.08818,49.023056,11.924888,48.910861,28.63,2007,2010,3,9.543333333,658.2,718.6,60.4,8.3375,8.220833333,-0.116666667,,Organism,Condition,Body condition,,1.37,0.16,,200,1.43,0.19,,137,2,0.042863704,,,
38,Brandner,2018,Table 3,Ectotherm,Osteichthyes,Neogobius_melanostomus,Neogobius melanostomus,Aquatic,Invasive,Established,Vohburg,Adult,Male,8.8,12.08818,49.023056,11.487442,48.759269,69.35,2007,2014,7,9.907142857,658.2,739.7,81.5,8.3375,8.575,0.2375,,Organism,Condition,Body condition,,1.37,0.16,,200,1.38,0.15,,12,2,0.007272759,,,
38,Brandner,2018,Table 3,Ectotherm,Osteichthyes,Neogobius_melanostomus,Neogobius melanostomus,Aquatic,Invasive,Established,Kelheim,Juvenile,Mixed,0.6,12.08818,49.023056,11.924888,48.910861,28.63,2007,2010,3,9.543333333,658.2,718.6,60.4,8.3375,8.220833333,-0.116666667,,Organism,Condition,Body condition,,1.22,0.59,,86,1.19,0.42,,130,2,-0.024897552,,,
38,Brandner,2018,Table 3,Ectotherm,Osteichthyes,Neogobius_melanostomus,Neogobius melanostomus,Aquatic,Invasive,Established,Vohburg,Juvenile,Mixed,0.8,12.08818,49.023056,11.487442,48.759269,69.35,2007,2014,7,9.907142857,658.2,739.7,81.5,8.3375,8.575,0.2375,,Organism,Condition,Body condition,,1.22,0.59,,86,1.09,0.31,,9,2,-0.112673163,,,
39,Hudina,2015,Table 2,Ectotherm,Invertebrate,Pacifastacus leniusculus,Pacifastacus leniusculus,Aquatic,Invasive,Mura river,M3,Adult,Male,40,16.379073,46.531941,16.874831,46.309881,72.6,2008,2011,3,24.2,802.2,759.4,-42.8,10.24583333,10.4875,0.241666667,,Organism,Condition,Body condition,,0.042,0.007,,55,0.046,0.006,,55,1,0.090971778,,Differences in aggressive behaviour along the expanding range of an invasive crayfish: an important component of invasion dynamics,https://link.springer.com/article/10.1007/s10530-015-0936-x
39,Hudina,2015,Table 2,Ectotherm,Invertebrate,Pacifastacus leniusculus,Pacifastacus leniusculus,Aquatic,Invasive,Mura river,M3,Adult,Female,35,16.379073,46.531941,16.874831,46.309881,72.6,2008,2011,3,24.2,802.2,759.4,-42.8,10.24583333,10.4875,0.241666667,,Organism,Condition,Body condition,,0.032,0.002,,43,0.034,0.002,,43,1,0.060624622,,,
39,Hudina,2015,Table 2,Ectotherm,Invertebrate,Pacifastacus leniusculus,Pacifastacus leniusculus,Aquatic,Invasive,Mura river,M3,Adult,Male,40,15.521468,45.372772,15.609702,45.411141,10.8,2011,2012,1,10.8,1253.5,1253.5,0,10.74166667,10.74166667,0,,Organism,Condition,Body condition,,0.032,0.003,,188,0.035,0.003,,188,1,0.089612159,,,
39,Hudina,2015,Table 2,Ectotherm,Invertebrate,Pacifastacus leniusculus,Pacifastacus leniusculus,Aquatic,Invasive,Mura river,M3,Adult,Female,35,15.521468,45.372772,15.609702,45.411141,10.8,2011,2012,1,10.8,1253.5,1253.5,0,10.74166667,10.74166667,0,,Organism,Condition,Body condition,,0.029,0.002,,251,0.032,0.002,,251,1,0.098440073,,,
40,Raffard,2020,Fig S2,Ectotherm,Invertebrate,Crocothemis erythraea,Crocothemis erythraea,Aerial,Native,Bram,Brenne,Adult,Mixed,,2.136165,43.243321,5.28663,47.80605,563.16,1960,1980,20,28.158,757.6,914.5,156.9,12.57916667,9.345833333,-3.233333333,19,Organism,Activity,Activity,,0.234200743,0.460966543,0.115241636,16,0.457249071,0.320565965,0.096654275,11,5,0.669049629,,Does range expansion modify trait covariation? A study of a northward expanding dragonfly,https://link.springer.com/article/10.1007/s00442-020-04592-1
40,Raffard,2020,Fig S2,Ectotherm,Invertebrate,Crocothemis erythraea,Crocothemis erythraea,Aerial,Native,Bram,Mainz,Adult,Mixed,,2.136165,43.243321,8.226046,49.982967,882.68,1960,1990,30,29.42266667,757.6,575.1,-182.5,12.57916667,9.633333333,-2.945833333,19,Organism,Activity,Activity,,0.234200743,0.460966543,0.115241636,16,0.6133829,0.356877323,0.118959108,9,5,0.962810748,,,
40,Raffard,2020,Fig S2,Ectotherm,Invertebrate,Crocothemis erythraea,Crocothemis erythraea,Aerial,Native,Bram,Ghent,Adult,Mixed,,2.136165,43.243321,3.81267,51.042223,875.8,1960,1990,30,29.19333333,757.6,780.7,23.1,12.57916667,9.883333333,-2.695833333,19,Organism,Activity,Activity,,0.234200743,0.460966543,0.115241636,16,0.524163569,0.41006936,0.096654275,18,5,0.805625164,,,
40,Raffard,2020,Fig S2,Ectotherm,Invertebrate,Crocothemis erythraea,Crocothemis erythraea,Aerial,Native,Bram,Soerendonk,Adult,Mixed,,2.136165,43.243321,5.556593,51.30326,929.3,1960,1992,32,29.040625,757.6,778.3,20.7,12.57916667,9.795833333,-2.783333333,19,Organism,Activity,Activity,,0.234200743,0.460966543,0.115241636,16,0.408921933,0.306009154,0.081784387,14,5,0.557345639,,,
40,Raffard,2020,Fig S2,Ectotherm,Invertebrate,Crocothemis erythraea,Crocothemis erythraea,Aerial,Native,Bram,Dortmund,Adult,Mixed,,2.136165,43.243321,7.51556,51.488742,1005,1960,1995,35,28.71428571,757.6,809.3,51.7,12.57916667,9.2125,-3.366666667,19,Organism,Activity,Activity,,0.234200743,0.460966543,0.115241636,16,0.412639405,0.319918661,0.085501859,14,5,0.566395475,,,
40,Raffard,2020,Fig S2,Ectotherm,Invertebrate,Crocothemis erythraea,Crocothemis erythraea,Aerial,Native,Bram,Braunchweig,Adult,Mixed,,2.136165,43.243321,10.582811,52.277151,1187,1960,2000,40,29.675,757.6,652.8,-104.8,12.57916667,8.866666667,-3.7125,19,Organism,Activity,Activity,,0.234200743,0.460966543,0.115241636,16,0.408921933,0.393420269,0.148698885,7,5,0.557345639,,,
40,Raffard,2020,Fig S2,Ectotherm,Invertebrate,Crocothemis erythraea,Crocothemis erythraea,Aerial,Native,Bram,Brenne,Adult,Mixed,,2.136165,43.243321,5.28663,47.80605,563.16,1960,1980,20,28.158,757.6,914.5,156.9,12.57916667,9.345833333,-3.233333333,25,Organism,Activity,Activity,,0.568773234,0.401486989,0.100371747,16,0.50929368,0.308236505,0.092936803,11,5,-0.110456996,,,
40,Raffard,2020,Fig S2,Ectotherm,Invertebrate,Crocothemis erythraea,Crocothemis erythraea,Aerial,Native,Bram,Mainz,Adult,Mixed,,2.136165,43.243321,8.226046,49.982967,882.68,1960,1990,30,29.42266667,757.6,575.1,-182.5,12.57916667,9.633333333,-2.945833333,25,Organism,Activity,Activity,,0.568773234,0.401486989,0.100371747,16,0.657992565,0.278810409,0.092936803,9,5,0.145711811,,,
40,Raffard,2020,Fig S2,Ectotherm,Invertebrate,Crocothemis erythraea,Crocothemis erythraea,Aerial,Native,Bram,Ghent,Adult,Mixed,,2.136165,43.243321,3.81267,51.042223,875.8,1960,1990,30,29.19333333,757.6,780.7,23.1,12.57916667,9.883333333,-2.695833333,25,Organism,Activity,Activity,,0.568773234,0.401486989,0.100371747,16,0.698884758,0.346981766,0.081784387,18,5,0.206004041,,,
40,Raffard,2020,Fig S2,Ectotherm,Invertebrate,Crocothemis erythraea,Crocothemis erythraea,Aerial,Native,Bram,Soerendonk,Adult,Mixed,,2.136165,43.243321,5.556593,51.30326,929.3,1960,1992,32,29.040625,757.6,778.3,20.7,12.57916667,9.795833333,-2.783333333,25,Organism,Activity,Activity,,0.568773234,0.401486989,0.100371747,16,0.460966543,0.403375703,0.107806691,14,5,-0.210156356,,,
40,Raffard,2020,Fig S2,Ectotherm,Invertebrate,Crocothemis erythraea,Crocothemis erythraea,Aerial,Native,Bram,Dortmund,Adult,Mixed,,2.136165,43.243321,7.51556,51.488742,1005,1960,1995,35,28.71428571,757.6,809.3,51.7,12.57916667,9.2125,-3.366666667,25,Organism,Activity,Activity,,0.568773234,0.401486989,0.100371747,16,0.602230483,0.347737675,0.092936803,14,5,0.057158414,,,
40,Raffard,2020,Fig S2,Ectotherm,Invertebrate,Crocothemis erythraea,Crocothemis erythraea,Aerial,Native,Bram,Braunchweig,Adult,Mixed,,2.136165,43.243321,10.582811,52.277151,1187,1960,2000,40,29.675,757.6,652.8,-104.8,12.57916667,8.866666667,-3.7125,25,Organism,Activity,Activity,,0.568773234,0.401486989,0.100371747,16,0.650557621,0.42292679,0.159851301,7,5,0.134348053,,,
41,Crozier,2002,Fig 2,Ectotherm,Invertebrate,Atalopedes campestris,Atalopedes campestris,Aerial,Native,California,Washington,Adult,Female,,-121.023429,38.595247,-119.433063,46.23762,859.95,1960,1993,33,26.05909091,602.2,203.5,-398.7,15.56666667,11.2625,-4.304166667,,Organism,Thermal tolerance,CTmin,,-7.177865613,1.124920907,0.355731225,10,-7.391304348,1.124920907,0.355731225,10,1,-0.029302151,,Winter warming facilitates range expansion: cold tolerance of the butterfly Atalopedes campestris,https://link.springer.com/content/pdf/10.1007/s00442-003-1219-2.pdf
42,Carbonell,2021,Fig 3,Ectotherm,Invertebrate,Ischnura elegans,Ischnura elegans,Aerial,Native,Core,Edge,Juvenile,Mixed,,12.119785,55.658558,17.65183,58.946441,492.87,1960,2000,40,12.32175,578.7,481.3,-97.4,8.31,6.5,-1.81,16,Organism,Metabolism,Routine MR,nmol O2 h mg,2.253218884,0.997334767,0.25751073,15,3.669527897,2.493336918,0.643776824,15,1,0.487703206,,"Evolution of cold tolerance and thermal plasticity in life history, behaviour and physiology during a poleward range expansion",https://besjournals.onlinelibrary.wiley.com/doi/full/10.1111/1365-2656.13482?fbclid=IwAR2dRce12C-o6pH021QAYGLnBnpOxh7b6n_V4Y27R3KOF6Vdw0z4LO6Uus4
42,Carbonell,2021,Fig 3,Ectotherm,Invertebrate,Ischnura elegans,Ischnura elegans,Aerial,Native,Core,Edge,Juvenile,Mixed,,12.119785,55.658558,17.65183,58.946441,492.87,1960,2000,40,12.32175,578.7,481.3,-97.4,8.31,6.5,-1.81,20,Organism,Metabolism,Routine MR,nmol O2 h mg,4.055793991,2.493336918,0.643776824,15,5.729613734,3.740005377,0.965665236,15,1,0.345501643,,,
42,Carbonell,2021,Fig 3,Ectotherm,Invertebrate,Ischnura elegans,Ischnura elegans,Aerial,Native,Core,Edge,Juvenile,Mixed,,12.119785,55.658558,17.65183,58.946441,492.87,1960,2000,40,12.32175,578.7,481.3,-97.4,8.31,6.5,-1.81,24,Organism,Metabolism,Routine MR,nmol O2 h mg,4.892703863,5.236007528,1.35193133,15,7.725321888,8.22801183,2.124463519,15,1,0.456758402,,,
42,Carbonell,2021,Fig 3,Ectotherm,Invertebrate,Ischnura elegans,Ischnura elegans,Aerial,Native,Core,Edge,Juvenile,Mixed,,12.119785,55.658558,17.65183,58.946441,492.87,1960,2000,40,12.32175,578.7,481.3,-97.4,8.31,6.5,-1.81,28,Organism,Metabolism,Routine MR,nmol O2 h mg,9.399141631,9.973347673,2.575107296,15,20.72961373,13.46401936,3.47639485,15,1,0.790944924,,,
42,Carbonell,2021,raw data,Ectotherm,Invertebrate,Ischnura elegans,Ischnura elegans,Aerial,Native,Core,Edge,Juvenile,Mixed,,12.119785,55.658558,17.65183,58.946441,492.87,1960,2000,40,12.32175,578.7,481.3,-97.4,8.31,6.5,-1.81,,Organism,Thermal tolerance,CTmin,,3.0204197,0.139749364,,10,2.4038326,0.304097279,,10,1,0.228331415,,,
43,Carbonell,2020,Fig 4,Ectotherm,Invertebrate,Ischnura elegans,Ischnura elegans,Aerial,Native,France,Southeast,Juvenile,Mixed,,5.747532,43.731066,-0.789771,38.187389,835.74,1950,1988,38,21.99315789,720.3,331.2,-389.1,22.9,26.81,3.91,16,Organism,Thermal tolerance,CTmax,,44.20226843,0.621235415,0.11342155,30,44.86011342,0.621235415,0.11342155,30,2,0.014772948,,Thermal evolution of life history and heat tolerance during range expansions toward warmer and cooler regions,https://esajournals.onlinelibrary.wiley.com/doi/full/10.1002/ecy.3134
43,Carbonell,2020,Fig 4,Ectotherm,Invertebrate,Ischnura elegans,Ischnura elegans,Aerial,Native,France,Northwest,Juvenile,Mixed,,5.747532,43.731066,-8.993923,43.213223,1189.95,1950,2017,67,17.76044776,720.3,1477.8,757.5,22.9,21.7,-1.2,16,Organism,Thermal tolerance,CTmax,,44.20226843,0.621235415,0.11342155,30,44.17958412,0.559111873,0.102079395,30,2,-0.000513325,,,
43,Carbonell,2020,Fig 4,Ectotherm,Invertebrate,Ischnura elegans,Ischnura elegans,Aerial,Native,France,Southeast,Juvenile,Mixed,,5.747532,43.731066,-0.789771,38.187389,835.74,1950,1988,38,21.99315789,720.3,331.2,-389.1,22.9,26.81,3.91,20,Organism,Thermal tolerance,CTmax,,44.20226843,1.304594371,0.238185255,30,45.27977316,2.174323952,0.396975425,30,2,0.024084314,,,
43,Carbonell,2020,Fig 4,Ectotherm,Invertebrate,Ischnura elegans,Ischnura elegans,Aerial,Native,France,Northwest,Juvenile,Mixed,,5.747532,43.731066,-8.993923,43.213223,1189.95,1950,2017,67,17.76044776,720.3,1477.8,757.5,22.9,21.7,-1.2,20,Organism,Thermal tolerance,CTmax,,44.20226843,1.304594371,0.238185255,30,44.72400756,0.621235415,0.11342155,30,2,0.01173433,,,
43,Carbonell,2020,Fig 4,Ectotherm,Invertebrate,Ischnura elegans,Ischnura elegans,Aerial,Native,France,Southeast,Juvenile,Mixed,,5.747532,43.731066,-0.789771,38.187389,835.74,1950,1988,38,21.99315789,720.3,331.2,-389.1,22.9,26.81,3.91,24,Organism,Thermal tolerance,CTmax,,44.67863894,1.925829786,0.351606805,30,46.07372401,0.621235415,0.11342155,30,2,0.030747298,,,
43,Carbonell,2020,Fig 4,Ectotherm,Invertebrate,Ischnura elegans,Ischnura elegans,Aerial,Native,France,Northwest,Juvenile,Mixed,,5.747532,43.731066,-8.993923,43.213223,1189.95,1950,2017,67,17.76044776,720.3,1477.8,757.5,22.9,21.7,-1.2,24,Organism,Thermal tolerance,CTmax,,44.67863894,1.925829786,0.351606805,30,45.46124764,0.43486479,0.079395085,30,2,0.017364751,,,
43,Carbonell,2020,Fig 4,Ectotherm,Invertebrate,Ischnura elegans,Ischnura elegans,Aerial,Native,France,Southeast,Juvenile,Mixed,,5.747532,43.731066,-0.789771,38.187389,835.74,1950,1988,38,21.99315789,720.3,331.2,-389.1,22.9,26.81,3.91,28,Organism,Thermal tolerance,CTmax,,46.18714556,2.360694577,0.43100189,30,47.68431002,1.428841454,0.260869565,30,2,0.031900889,,,
43,Carbonell,2020,Fig 4,Ectotherm,Invertebrate,Ischnura elegans,Ischnura elegans,Aerial,Native,France,Northwest,Juvenile,Mixed,,5.747532,43.731066,-8.993923,43.213223,1189.95,1950,2017,67,17.76044776,720.3,1477.8,757.5,22.9,21.7,-1.2,28,Organism,Thermal tolerance,CTmax,,46.18714556,2.360694577,0.43100189,30,45.51795841,1.118223747,0.20415879,30,2,-0.014594586,,,
